Pattern String,Pattern Category
Collin P. from Grandview Missouri just bought BURGUNDY TWO BUTTON SUIT ABOUT 5 SECONDS AGO,Social Proof
"Faith in Glendale, United States purchased a Choose Your Flavors 5 Bag Sample Pack (Whole Bean) about 1 hour ago",Social Proof
Sharmeen Atif From Karachi just bought Stylish Metal Glasses Frames For Kids-Assorted-NA7157,Social Proof
9 people are viewing this.,Social Proof
5338 people viewed this in the last hour,Social Proof
"Keith in Champaign, Illinois bought Mini USB Audio Cassette to MP3 Converterabout 56 minutes ago",Social Proof
Jamie from Eloy United States purchased a CBD Oil Vape Additives 4 Pack About 7 hours ago,Social Proof
"Someone in Kilwinning, United Kingdom just bought Cuban Link Chain Bracelet",Social Proof
"Chelsea in Burlington, Wisconsin bought Take Out The Boat Jumpsuit, Blackabout 13 minutes ago",Social Proof
"Crystal Li in Flushing, United States purchased a",Social Proof
ðŸ”¥ 2 people are looking right now,Social Proof
3 people bought this item last week.,Social Proof
31 people seeing this product right now,Social Proof
"Ken in Oakland, United States purchased a Dreamville Hoodie a month ago",Social Proof
19 people have viewed this item,Social Proof
Rebecca in Buffalo just bought Sateen Twill Swatchabout 1 hour ago,Social Proof
"Someone from Menlo Park, California just purchased Electric Skateboard Motor 6374 190KV.",Social Proof
2 people are looking at this listing now,Social Proof
4 sold in last 5 hours,Social Proof
72 Viewing This Product,Social Proof
"Mitchell H. Purchased a Dimplex IgniteXL 100"" Linear Built in Electric Fireplace",Social Proof
Favored By: 400 people!,Social Proof
"Annie in Cheras, Malaysia just bought: An Abundance of Flowers - Van-Go Paint-By-Number Kit",Social Proof
"Kamal in Lathrop, United States purchased a Father Sons Super Slim Stretch Feather Print Long Sleeve - FS429 4 hours ago",Social Proof
"Another babe in Alexandria, United States just ordered Flat Tummy Tea",Social Proof
Someone purchased a FORWARD REVIVE WOMEN'S RED WHITE HUSTLE T-SHIRT 32 minutes ago,Social Proof
Real time 30 Visitor right now,Social Proof
9 sold in last 4 hours,Social Proof
"Someone from Cape Town, Western Cape, South Africa just started buying Packable Travel Duffel Bag! 5 minutes ago",Social Proof
61 people have already bought that product today with 50% discount,Social Proof
"Sayeeganesh in Chennai, India just bought Dhoni the Finisher T-Shirt an hour ago",Social Proof
"1,446 people have viewed this item",Social Proof
218 people have added this item to cart,Social Proof
11 people have purchased this item,Social Proof
Someone from Norway purchased a Super FG Grater - 12x Faster - 15% OFF,Social Proof
38 people are viewing this,Social Proof
"Someone from Rochedale, Queensland, Australia started buying this!",Social Proof
39 recently purchased it,Social Proof
85 have it in their cart,Social Proof
"Leah Rich in Louisville, United States purchased a",Social Proof
"Someone in Madrid, Spain just bought",Social Proof
33 sold in last 12 hours.,Social Proof
78 Persons looking for this product,Social Proof
"Jim in Houston, USA purchased Pure Ratios: Hemp Oil CBD Patch (40mg CBD)",Social Proof
"Tyler in Norwalk, United States purchased a",Social Proof
"Someone in Ampang, Malaysia just bought",Social Proof
64 users bought this product Touch: The Set - Touch XL & TouchUp Makeup Mirror Bundle,Social Proof
"Sudha rana from Jaipur bought this product, 23 Mins ago.",Social Proof
404 Orders,Social Proof
Trending Style! Sold 4 times today,Social Proof
"Someone in San diego, United States just bought Gemfield Watch 15 days ago",Social Proof
"Alyssa in San Antonio, United States purchased a iTunes Japan Gift Card 10000 JPY about 35 minutes ago",Social Proof
"Someone in Paris, France just purchased a Kanpeki Knife Set",Social Proof
"3,081 people have viewed this item",Social Proof
166 people have added this item to cart,Social Proof
111 people have purchased this item,Social Proof
"James in Cashion, Oklahoma just bought Glossy Black Brick Geode / Amber Gradient Fast Lanes",Social Proof
7 people have it in their cart,Social Proof
1 person is viewing this,Social Proof
273 units sold in the last 30 days,Social Proof
"Marc in Newton, United States purchasedKTM Stand Plate Large KTM...",Social Proof
33 people are eyeing this item!,Social Proof
2 people are looking right now,Social Proof
"Monira in Doha, Qatar purchased a LilyVanityâ„¢ Velvet Box",Social Proof
Theresa from Botkins just bought Panoply 14918 A-line Lace Formal Dress,Social Proof
"Jamie in Nashville, United States purchased",Social Proof
117 people have viewed this item in the last 7 days.,Social Proof
"Sabrina in Paraparaumu, New Zealand purchased a SCHO-KA-KOLA Schokakola energy Chocolate caffeine snack food MRE caffeinated ",Social Proof
3642 BOUGHT,Social Proof
"Mounif in Pittsburgh, United States purchased",Social Proof
2049 sold in the last 7 days,Social Proof
Someone in city just added Radiance - Nebulizing DiffuserÂ® to their cart,Social Proof
1626 people seeing this product right now,Social Proof
"Rose in Portland, United States purchased Green Eco-Friendly iPhone XR Case about 54 minutes ago",Social Proof
In other users' carts 59,Social Proof
5 Viewing This Product,Social Proof
"Matthew in Charleston, South Carolina just purchased The Puffy Lux Mattress",Social Proof
Hayden near Princeton just bought!!!: CBD VEGAN GUMMIES,Social Proof
"Long Dress Style Beach Cover Up With Lace Detail Jessica in Metairie, United States",Social Proof
"Bobby in Decatur, United States just purchased",Social Proof
"Jessica in Orange, United States purchased a Black 1920s Sequin Maxi Flapper Dress 12 minutes ago",Social Proof
"2,221 people have purchased this item",Social Proof
"19,302 people have added this item to cart",Social Proof
"25,439 people have viewed this item",Social Proof
Popular item! ðŸ”¥ 27 people recently purchased this.,Social Proof
"BERNARD in Philadelphia, United States purchased a",Social Proof
Limited Edition Honeycomb Necklace (Bee Inspired) Someone purchased a Limited Edition Honeycomb Necklace (Bee Inspired),Social Proof
16 recently purchased it.,Social Proof
ðŸ”¥ 9 people are viewing this.,Social Proof
3 people are looking at this product,Social Proof
"Someone in Sasebo, Japan just bought",Social Proof
More than 752 users are adding shapewear to their cart. Is your size left?,Social Proof
17 people have added this item to cart,Social Proof
4 people have purchased this item,Social Proof
161 people have viewed this item,Social Proof
Someone in Egypt bought,Social Proof
"JOHN in Toowoomba City, Australia purchased a Resin Tank 7 hours ago",Social Proof
"1,142 people have added to cart recently",Social Proof
"6,743 people have viewed recently",Social Proof
"Sierra in Cypress, California bought Beauty In All Dress, Dusty Blue about 46 minutes ago",Social Proof
"Tristan in Markham, Canada purchased a Dragon Baseball Jersey",Social Proof
Popular Item! ðŸ”¥ 16 people are viewing this and 18 recently purchased it.,Social Proof
105 pawrents are buying for their furkids now!,Social Proof
339 users are currently active on our website,Social Proof
"William in Pago Pago, United States purchased a",Social Proof
"Oscar from Cajamarca, Peru purchased",Social Proof
"Debby in Harpers Ferry, United States just bought: Icing Pen Decorating Tool",Social Proof
"Someone in Tornado, United States just bought Fresh Melon Menthol 2 hours ago",Social Proof
"Someone in Arden Hills, United States purchased 120ml Young Napoleon | Best Strawberry Shortcake eJuice | Vaporham Lincoln eLiquid about 42 minutes ago",Social Proof
"Someone from Huntingtown, Maryland, United States purchased TopCoatÂ® F11Â® Polish & Sealer - Web Special Kits Just Now",Social Proof
"Ken in Three Bridges, United States purchased All Zebrawood + Olive Ash",Social Proof
"tuvia eisenberg Systematics in Tel Aviv, Israel purchased a",Social Proof
"Someone in Alexandria, United States just bought TTDeye Queen Green Colored Contact Lenses",Social Proof
"Jeremy in Warroad, United States purchased a",Social Proof
1 person is looking at this item.,Social Proof
Get it fast! 14 added to bag today,Social Proof
"Samuel in Minneapolis, United States purchased a Pod Juice Jewel Mint Cool â„ï¸Nicotine Salt e-Liquid 15/30ml 7 hours ago",Social Proof
Someone in Canberra purchased\nADV.2 (Austracantha) about 41 minutes ago,Social Proof
30 people have purchased this item,Social Proof
Purchased 6 times this week.,Social Proof
17 people have viewed this wine today,Social Proof
24 people have purchased this wine today,Social Proof
"Jonathan in Syracuse, United States just bought Electric Skateboard Battery Pack 36V 10S2P 4 hours ago",Social Proof
8 customers have bought today,Social Proof
80 Customers are considering this product right now.,Social Proof
24 sold in last 24 hours.,Social Proof
21 people looked at this during the last 24 hours,Social Proof
"Someone in Byron Bay, NSW just bought",Social Proof
Someone in Faizabad just bought: Pretty Love Penis Sleeve 7 inch an hour 2 minutes ago,Social Proof
Bought by 39 people in last few hours! HOT SELLER!,Social Proof
23 People viewing this product,Social Proof
Someone in Keilor East bought a Piranta-Edge Skinning Knife - Blaze - Havalon Knives54 minutes ago,Social Proof
1 other customers have this item in their shopping cart,Social Proof
8 people are looking at this artwork,Social Proof
104 people viewed this product recently!,Social Proof
5 people are looking at this product right now,Social Proof
19 people viewed this product per day,Social Proof
6 other people looking at this item,Social Proof
"Edwin in Woodland Park, NJ just bought",Social Proof
65% of our customers added Surefit protection this year.,Social Proof
3 PEOPLE VIEWING,Social Proof
"Synne Kristine in Halden, bought Classic Bokksu Subscription (Billed Every 1 Month) (Ships every 1 Months) about 45 minutes ago",Social Proof
24 people currently interested,Social Proof
"Someone in Culgoa, Australia purchased Savelli Epic Mens Comfortable Leather Lace Up Boots Made In Brazil",Social Proof
3 people are looking at this item right now,Social Proof
"Someone in Saint Kilda, Victoria purchased Frank Queen Size Bed Base",Social Proof
DON'T LET 'EM GET AWAY Several people have recently viewed this item.,Social Proof
7 users have looked at this product in the past 6 minutes,Social Proof
"IBKUL Solid Mock Neck Half Zip Pullover purchased from Clinton, MD, US 1 minute ago",Social Proof
12 recently purchased it.,Social Proof
2 people are viewing this,Social Proof
Someone from Airdrie & 10820 others bought this item recently.,Social Proof
Someone in Yanchep bought a 52mm Mechanical 'Performance' Boost Gauge - Blue/White 9 seconds ago,Social Proof
THIS PRODUCT HAS BEEN VIEWED 480 TIMES IN THE LAST 48 HOURS,Social Proof
89 currently viewing,Social Proof
"Our most recent customers are from New Rochelle, Roseville, and Brooksville",Social Proof
HOT PRODUCT Over 250 people are looking at this item.,Social Proof
Other people want this. 10 people have this in their cart right now.,Social Proof
88 PEOPLE VIEWED ITEM IN THE LAST 24 HOURS,Social Proof
143 BOUGHT,Social Proof
"JULIE in Oak Brook, United States purchased a Watercolor Brush Pens 24 Refillable Colors with Travel Case about 10 hours ago",Social Proof
5338 people bought this,Social Proof
"Denise in Saluda, Virginia bought Terani Couture - 1911E9095 Embroidered Asymmetric Neck Mermaid Gown",Social Proof
"Mher from San Angelo, TX Recently made a purchase with Crossrope",Social Proof
"Son in Suisun City, United States purchased Commander Lex",Social Proof
31 have it in their cart,Social Proof
69 people are viewing this,Social Proof
"Rick in Columbia, United States purchased a",Social Proof
"Someone in DOVER, United States just bought Crew 15 mins ago",Social Proof
James from Colonia purchased a,Social Proof
Someone in New Lynn bought a Kogan A1 Earphones with Inline Control for IOS/Android 1 hour ago.,Social Proof
146 people recently purchased this.,Social Proof
"estiven in Deer Park, United States purchased PreWashâ„¢ 4 oz",Social Proof
9 people are currently viewing this product,Social Proof
"Michael M. from Lacey, WA just bought a Cal King",Social Proof
1 people bought Jotter To Do Refill in the last few hours,Social Proof
308 viewed per day,Social Proof
7 sold in last 24 hours,Social Proof
2 viewed per hour,Social Proof
"Jeremy in Stockton, United States purchased a",Social Proof
57 PEOPLE HAVE LOOKED AT THIS TODAY,Social Proof
This is in 5 other carts.,Social Proof
Purchased 8 times in the last few days.,Social Proof
6 people have looked at this in the last few hrs.,Social Proof
"Joe M from , Bought a Cartoon Caterpillar Rigged 3D Model Recently",Social Proof
Someone in Bacchus Marsh bought a Noosa Basics Deodorant Stick - Sensitive (60g) 27 seconds ago,Social Proof
"Stacey in Saint Marys, United States purchased Extra Long (10 Ft) Fiber Cloth Sync & Charge USB Android Cable - Assorted Colors about 30 minutes ago",Social Proof
"mark in richmond hill, United States purchased a Fugoo Tough 11 minutes ago",Social Proof
93 PEOPLE HAVE BOUGHT THIS PRODUCT TODAY,Social Proof
7 sold in the last 48 hours,Social Proof
210+ bought,Social Proof
"Someone in Chambersburg, Pennsylvania purchased",Social Proof
99 people are looking at this right now,Social Proof
11 people viewed this today!,Social Proof
Last purchase was 18 minutes ago by someone from Dublin,Social Proof
Chirag in Anoopshahr just got the JAYS - a-JAYS One+ about 17 minutes ago,Social Proof
Cheryl in Ontario bought 100% Organic Reishi Mushroom Powder 100g about 16 minutes ago,Social Proof
Viewed 1040 times in the last 7 days,Social Proof
Hurry up! 6 people other than you have this product in their cart,Social Proof
Hurry up! 22 people other than you have this product in their cart,Social Proof
Someone in Louisville Kentucky United States Purchased Gold Presidential Bracelet With Watch Buckle 9 hours ago,Social Proof
8 people have viewed this product today!,Social Proof
Don't miss out! We've sold 38 in the last few days.,Social Proof
52 people are looking at this right now.,Social Proof
#6 Bestseller in Rugs This item was viewed 92 times in the last day.,Social Proof
Over 38 bought,Social Proof
"Someone in Flemington, United States purchased Anti-Aging Eyelid Tape (Contains 100 Strips) Just now",Social Proof
OH SO POPULAR! 21 bought in the last 7 days.,Social Proof
6 people have looked at this in the last few hrs.,Social Proof
"Ida in Tangerang Selatan, Indonesia purchased Iseya VG10 G-Series 33 layer Damascus Japanese Chef's Santoku Knife , 180mm about 1 hour ago",Social Proof
156 sold in last 24 hours,Social Proof
RECENTLY VIEWED 2 others viewed this in the last few hours,Social Proof
40 users are currently active on our website just now.,Social Proof
45 ADDED TO BAG IN THE PAST 24 HOURS,Social Proof
7 people looked at this product in the last 24 hours.,Social Proof
Someone bought: HYPE BLUE LARGE SPLAT KIDS LEGGINGS,Social Proof
ðŸ”¥ðŸ‘ï¸ 1 person is viewing this.,Social Proof
"Awhi from Hicks Bay, Gisborne, New Zealand just bought",Social Proof
251 people are viewing this right now,Social Proof
"Someone in Cedarhurst, United States purchased a Sproet and Sprout Shell/Violet Stripe Bloomers",Social Proof
Someone in Castle Hill bought a Philips Essential LED Downlight Kit | 5W 4000K few hours ago.,Social Proof
"Someone in Joliet, Illinois purchased a Yocan Evolve Plus XL Vaporizer",Social Proof
127 People viewed this product this week,Social Proof
2 people have looked at this in the last couple of hrs.,Social Proof
Someone in United States just purchased a,Social Proof
Trending now! Added to basket 490 times today,Social Proof
Trending now! Added to basket 38 times today,Social Proof
"Jacob in Seymour, Wisconsin, United States purchased a Bass XL just now!",Social Proof
IN 43 PEOPLE'S SHOPPING BAG,Social Proof
MOST POPULAR,Social Proof
660 people have viewed today,Social Proof
113 people have viewed in the last 24hrs,Social Proof
407 customers have viewed this item recently,Social Proof
Fast Mover: 35 PEOPLE added this to cart today!,Social Proof
"Someone from Portland, United States (US) purchased MODALERT recently.",Social Proof
22 people have looked at this part recently,Social Proof
"Someone from South Gate, California just purchased the Admiral JR / Spektrum Servo Connector Plug Set (Male and Female - 2 Pairs)",Social Proof
Someone in Red Cliffs bought a RHK Yamaha YZ/YZF/WRF 99-16 Blue Pursuit Footpegs 3 minutes ago,Social Proof
This product was viewed 26 seconds ago by someone from Princeton,Social Proof
"Laurie in Urraween, Queensland bought No Brainer USB Charging Anti-Theft Backpack",Social Proof
"Carol in St. Louis, Missouri bought Original USB Charging Anti-Theft Backpack",Social Proof
8 people have this in their bag right now.,Social Proof
Purchased 100+ times in the last few days.,Social Proof
Someone in Pittsworth bought a Ultimate COLT Anal Training Kit 2 hours ago,Social Proof
"Carl F. from Fort Ann, NY bought a King",Social Proof
1 people are viewing this currently,Social Proof
92 customers bought this in the last 48 hours,Social Proof
62 people have looked at this item in the last few hours.,Social Proof
13 people have added this to their cart,Social Proof
"GRACE from ORLANDO, United States bought Camouflage Jumpsuit 31 minutes ago          ",Social Proof
"Someone in Vancouver, Washington purchased a Orthofeet Men's Orthotic Insoles about 38 minutes",Social Proof
Leslie in USA just Purchased Special Design Exclusive Handmade Silver Ring,Social Proof
135 people have this in their cart,Social Proof
Add to Wish List(13 People Have Added),Social Proof
77 PEOPLE LIKE THIS,Social Proof
43 added to bag in the last 48hrs,Social Proof
"Shopper from Saint John, NB viewed Lenovo ThinkCentre M710t 10M9000RUS Desktop Computer 3 minutes ago!",Social Proof
Over 200 views in 24 hrs,Social Proof
227 Bought Already,Social Proof
POPULAR 62 others checked this out in the last few hours.,Social Proof
POPULAR 64 others checked this out in the last few hours.,Social Proof
"IsraÃ«l in Metz, France purchased a More ADVANCED Chord Substitutions",Social Proof
"Someone in Cashmere bought a 
RCM Cosworth Timing Belt Kit 99-02MY EJ20/22/251 hour ago",Social Proof
Viewed 744 times today,Social Proof
"2,229 people have viewed this item",Social Proof
715 people have added this item to cart,Social Proof
71 people have purchased this item,Social Proof
12 customers viewed this product today!,Social Proof
"Nancy in Pennsylvania purchased 24"" Italian Sterling Silver Milano Twist Adjustable Chain",Social Proof
"Armin Dinovic bought 10M Runescape 3 Gold Order total: 3,70â‚¬ About 10 seconds ago",Social Proof
"Trey in Columbia, United States purchased Leather Cord Capsule",Social Proof
"Abbie in Calwell, Australia purchased Shark Bite Socks about 1 hour ago",Social Proof
6 customers have this in their basket,Social Proof
7 customers have this in their basket,Social Proof
6 customers have this in their basket,Social Proof
Someone in Boling Iago Texas United States Purchased Seek Discomfort Sketch White iPhone Case 5 hours ago,Social Proof
Selling fast! Add to bag 7 times in the last 48 hours.,Social Proof
228 People Have Viewed This Product Recently!,Social Proof
"Sandeep in Hawthorne, California bought Sadie Ponte Pants - Black Just Now",Social Proof
jennifer just bought Rainbow Moonstone Healing Heartabout 6 hours ago,Social Proof
3 other people are currently viewing this item.,Social Proof
"Someone in Petaling Jaya, Malaysia just bought SNEAKERGUARD Midsole Paint Marker - BOOST White",Social Proof
"Oliver in Rotterdam, Netherlands purchased a England Away Soccer Shorts 2018 About 9 hours ago",Social Proof
"Michael in Pontiac, United States purchased a  ",Social Proof
Other 2 customers have it in their cart.,Social Proof
"Trey in Sparta, United States purchased Stealth Angel Ultra Lightweight & Portable Sleeping Bag about 45 minutes ago",Social Proof
1044 sold in past 12 months,Social Proof
2 customers recently bought it,Social Proof
"Tambria in Hattiesburg just bought Peruvian Virgin Natural Wave Hair 3 Bundles with Lace Frontal, 100% Human Virgin Hair ",Social Proof
2 PEOPLE HAVE ADDED THIS ITEM TO THEIR CART TODAY,Social Proof
One customer bought this article in the last 53 min.,Social Proof
Someone in Mount Louisa bought a Coleman Folding Table & Bench Set 2 minutes ago,Social Proof
2+ people just viewed this product,Social Proof
Over 238 people have bought this product,Social Proof
994 items sold this hour.,Social Proof
Sara from Philadelphia just saved $68 on her order.,Social Proof
52 people have added this product to bag in the last 72 hours,Social Proof
"Natalie in Graham, United States purchased a FREE BTS Answer Magic Pillow about 1 hour ago",Social Proof
Someone from purchased a HOLEES Original Ladies II - Navy About 9 hours ago,Social Proof
4 bought in the last 24 hours.,Social Proof
Someone in Spain purchased,Social Proof
137 users are currently active on our website,Social Proof
4 people are looking at this right now.,Social Proof
Last purchased at 11:19am today.,Social Proof
41 people have looked at this in the last couple of hours,Social Proof
"Someone from Osijek, Croatia just bought TMC CP Style Single Pistol Pouch",Social Proof
"Ashley in Auburn, United States purchased a Check Plz iPhone X/Xs Case about 24 minutes ago",Social Proof
6 others have already bought this deal today!,Social Proof
232 people are viewing this offer!,Social Proof
"Someone in Shelby twp, United States just bought Galaxy Note 8 10000mAh ZeroShock Battery Case 3 days ago",Social Proof
Someone added 1pc 4ocean natural stone beads beaded bracelet men boho handmade to their cart RIGHT NOW,Social Proof
436 users are currently active on our website Just now,Social Proof
39 people have this in their cart,Social Proof
No thanks! I don't like deals,Misdirection
"No, I'll rather pay full price.",Misdirection
I don't like discounts,Misdirection
"No, thanks. I don't like great deals.",Misdirection
"No Thanks, I rather pay full price",Misdirection
"No thanks, Iâ€™ll skip this amazing super-saver deal. I donâ€™t need so many beautiful textures",Misdirection
"No, I don't feel lucky",Misdirection
"No thanks, I don't like saving money",Misdirection
"No thanks, I'd like 0% off",Misdirection
"No thanks, I despise coupons!",Misdirection
"No thanks, I don't want to build one.. I'd rather kick rocks!",Misdirection
"No, I don't feel lucky.",Misdirection
"No, I don't feel lucky",Misdirection
"No thanks, I don't like getting free stuff.",Misdirection
"No, I don't feel lucky",Misdirection
"No thanks, I don't like good deals.",Misdirection
"No, I don't feel lucky",Misdirection
"no thanks, I like paying full price",Misdirection
"No, I don't feel lucky",Misdirection
"No, I don't feel lucky",Misdirection
I WANT TO PAY MORE LATER ;),Misdirection
"No thanks, I dont want a discount",Misdirection
"No, I don't feel lucky",Misdirection
"No thanks, I don't like FREE stuff.",Misdirection
"No thanks, I prefer to pay full price.",Misdirection
"No, I don't feel lucky",Misdirection
"NO, I DON'T FEEL LUCKY",Misdirection
"No, I don't feel lucky",Misdirection
"No thanks, I hate saving money",Misdirection
"No, I don't feel lucky",Misdirection
I do not want to protect my item,Misdirection
"No, thanks, IÂ´d rather pay more",Misdirection
"No thanks, I don't like saving money",Misdirection
"No, I don't want a discount",Misdirection
"No thanks, I'll pay full price!",Misdirection
"NO THANKS, I DON'T WANT TO SAVE MONEY",Misdirection
"No Thanks, I Don't Like Exclusive Offers.",Misdirection
"No thanks, I'll just pay full price.",Misdirection
"NO, I'D RATHER PAY FULL PRICE",Misdirection
"No, I don't feel lucky",Misdirection
"No, I don't feel lucky",Misdirection
"No, thank you. I prefer to pay the full price",Misdirection
No I don't feel lucky,Misdirection
I'd rather not save,Misdirection
"No, I don't feel lucky",Misdirection
"No, I don't feel lucky",Misdirection
"No thanks, Iâ€™d rather pay full price.",Misdirection
"No thanks, I donâ€™t like fun and games.",Misdirection
"no thanks, I hate fun & games",Misdirection
"No, I don't feel lucky",Misdirection
"No thanks, I don't want 15% off",Misdirection
"No, I'd rather do it the hard way...",Misdirection
"No, I don't feel lucky",Misdirection
"No Thanks, I Don't Like Saving Money.",Misdirection
"NO THANKS, I DONâ€™T MIND MISSING OUT",Misdirection
I'LL PAY FULL PRICE,Misdirection
"No, I don't want great deals.",Misdirection
"No thanks, I don't like free stuff",Misdirection
"No thanks, I want to pay the full price.",Misdirection
"No, I don't feel lucky",Misdirection
"NO, I'LL PAY FULL PRICE",Misdirection
"No, thanks. I'd rather pay full price.",Misdirection
"no thanks, I don't like to save",Misdirection
"No thank you, I prefer to pay for shipping.",Misdirection
"Nah, I'll pay full price",Misdirection
No thanks I definitely measured correctly,Misdirection
No thanks. I donâ€™t want to save money.,Misdirection
No thanks. I love chaos!,Misdirection
"No thanks, Iâ€™d rather not win.",Misdirection
"No thanks, I prefer to pay more for shoes!",Misdirection
"No thanks, I'll pay full price",Misdirection
"No thanks, I'll still want to pay full price",Misdirection
"No thanks, I don't want any deals",Misdirection
"No thanks, I don't like promotions and exclusive content.",Misdirection
"NO THANKS, I'D RATHER PAY FULL PRICE",Misdirection
"No Thanks, I Prefer Paying Full Price",Misdirection
"No Thanks, I Don't Want To Save",Misdirection
"No Thanks, I'd Rather Pay Full Price",Misdirection
"No, thanks. I'd prefer not to save.",Misdirection
"No Thanks, I don't want official software at the best price.",Misdirection
"No thanks, I don't want to look my best",Misdirection
"Nah, I like paying full price",Misdirection
No thanks - I don't want to save money,Misdirection
"I DON'T LIKE FREE GIFTS, NO THANKS",Misdirection
"No thanks, I don't want 15% off",Misdirection
I'LL PAY FULL PRICE,Misdirection
I'll Shop Without A Discount,Misdirection
I'd rather pay full price,Misdirection
"No thanks, I donâ€™t like saving money.",Misdirection
I'LL PAY FULL PRICE,Misdirection
"No Thanks, I Don't Want a Discount",Misdirection
"NO THANKS, I DONâ€™T WANT 15% OFF",Misdirection
"No thanks, I donâ€™t want to save",Misdirection
"No Thanks, I Don't Want a Free Gift",Misdirection
"No thanks, I want to pay full price",Misdirection
"No thanks, I've got too much cool Glock stuff!",Misdirection
No I don't feel lucky,Misdirection
"No thanks, I'm not interested",Misdirection
"No thank you, I prefer to pay full price",Misdirection
"NO, I'LL PAY FULL PRICE",Misdirection
"No thanks, I don't like deals.",Misdirection
"NO THANKS, I'll PAY FULL PRICE",Misdirection
"No thanks, I hate cool stuff",Misdirection
No thanks. I'd rather pay full price.,Misdirection
"No, I'd rather pay full price.",Misdirection
"No thanks, Iâ€™d rather pay more",Misdirection
"No Thanks, I don't like exclusive deals.",Misdirection
"No thanks, I don't want the free gift.",Misdirection
I'LL PAY FULL PRICE,Misdirection
"No thanks, I'd rather pay full price.",Misdirection
"No thanks, I don't like discounts",Misdirection
No I don't feel lucky,Misdirection
"NO THANKS, I DON'T WANT TO SAVE MONEY",Misdirection
"NO, THANKS. I DON'T LIKE DISCOUNTS ",Misdirection
"NO THANKS, I DON'T WANT TO SAVE",Misdirection
"No Thanks, I don't like free stuff.",Misdirection
"No thanks, I don't like winning",Misdirection
"No thanks, I will pay full price.",Misdirection
I don't feel lucky,Misdirection
"No Thanks, I Prefer Paying Full Price.",Misdirection
"Yes, I Want To Save Money!No Thanks",Misdirection
I'D RATHER PAY FULL PRICE,Misdirection
No thanks. I prefer paying full price.,Misdirection
"No, thanks. I'd rather pay full price.",Misdirection
"No thanks, I'd rather pay more",Misdirection
"No, I don't feel lucky",Misdirection
"No, I don't feel lucky",Misdirection
"No thanks, free stuff isn't for me.",Misdirection
"No Thanks, I'll Pay Full Price",Misdirection
No thanks. I donâ€™t want deals.,Misdirection
"No Thanks, I prefer not to have a protection plan",Misdirection
"NO THANKS, I DON'T WANT 20% OFF MY ORDER",Misdirection
"No thanks, I don't want a free gift.",Misdirection
"No thanks! I'd rather join the """"Pay Full Price for Things"""" club.",Misdirection
I don't want a discount,Misdirection
No thanks. I don't like free things...,Misdirection
"no thanks, I'll save money another day",Misdirection
"No thanks, I don't want discount",Misdirection
"No thanks, I don't like exclusive offers",Misdirection
"No Thanks, I don't want a discount",Misdirection
"No Thanks, I'd rather pay full price",Misdirection
"No thanks, I like full price",Misdirection
I'LL PAY FULL PRICE,Misdirection
"No thanks, I'm not interested in saving money.",Misdirection
"No Thanks, I'll let this offer sail away",Misdirection
I Don't Like to Save Money,Misdirection
"No Thanks, I like paying full price.",Misdirection
"No Thanks, I Prefer Paying Full Price.",Misdirection
"No, I don't feel lucky",Misdirection
"No, I don't feel lucky",Misdirection
No thanks. I'd rather pay full price.,Misdirection
"No Thanks, I prefer paying full price.",Misdirection
"[NO THANKS, I'LL JUST WALK]",Misdirection
I'LL PAY FULL PRICE,Misdirection
"No Thanks, I Don't Want a Discount",Misdirection
No I don't feel lucky,Misdirection
"NO THANKS, I'D RATHER PAY FULL PRICE",Misdirection
"No thanks, I don't like to save",Misdirection
"No thanks, I like paying full price",Misdirection
"No thanks, I'll be the last to know.",Misdirection
"No, I don't feel lucky",Misdirection
"No, I Don't Like Discounts",Misdirection
"NO THANKS, I DON'T LIKE FREE STUFF",Misdirection
"No thanks, I don't like winning.",Misdirection
I don't want to save money,Misdirection
"No thanks, I don't like savings",Misdirection
"NO THANKS, I'D RATHER PAY FULL PRICE",Misdirection
"No, I don't feel lucky",Misdirection
"No thanks, I don't want to save up to 75%",Misdirection
"50% OFF Everything (yep, even sale) + $5.99 Shipping* ENDS IN 12h 13m 56s",Urgency
,Urgency
Your order is reserved for 09:45 minutes!,Urgency
,Urgency
,Urgency
,Urgency
,Urgency
,Urgency
11 11 Hours: 00 22 Minutes: 3223 3223 Seconds Sale Ends Once The Timer Hits Zero!,Urgency
,Urgency
Your order is reserved for 09:45 minutes!,Urgency
Your order is reserved for 08:48 minutes!,Urgency
HURRY! EXCLUSIVE DEAL FOR YOU! 1 4 : 4 5,Urgency
,Urgency
00DAYS02HRS14MINS1211SEC,Urgency
"Due To HIGH Demand, Cart Expires In: 08:41",Urgency
Your order is reserved for 09:45 minutes!,Urgency
,Urgency
,Urgency
Hurry up! Prices increase in 0 DAYS 11 HRS 59 MINS 55 SECS,Urgency
Your order is reserved for 09:45 minutes!,Urgency
Cart will expire in 04:53 minutes!,Urgency
Your order is reserved for 09:35 minutes!,Urgency
,Urgency
,Urgency
Your order is reserved for 09:35 minutes!,Urgency
00DAYS00HOURS14MINUTES21SECONDS,Urgency
Your order is reserved for 09:14 minutes! ,Urgency
,Urgency
0 DAYS22 HOURS13 MINUTES21 SECONDS ,Urgency
Today's sale ends in: 00hours:57min:19sec,Urgency
,Urgency
,Urgency
Hurry up! Sale Ends in,Urgency
Your cart is reserved for 09:35 minutes.,Urgency
,Urgency
,Urgency
0 Days 2 Hours 57 Minutes 53 Seconds,Urgency
Your order is reserved for 09:54 minutes!,Urgency
Your order is reserved for 09:35 minutes!,Urgency
,Urgency
,Urgency
,Urgency
Your cart is reserved for 14:57 minutes!,Urgency
,Urgency
Your order is reserved for 09:57 minutes!,Urgency
00 Days 02 Hrs 26 Mins 12 Sec Sale Ends Once The Timer Hits Zero!,Urgency
,Urgency
,Urgency
,Urgency
Activate within 0:30:00,Urgency
,Urgency
,Urgency
,Urgency
00DAYS07HOURS09MINUTES39SECONDS,Urgency
FREE NECKLACE FOR MOM 01Days 01Hrs 35Mins 02Secs,Urgency
,Urgency
,Urgency
Your order is reserved for 09:35 minutes!,Urgency
,Urgency
Hurry up! Discount Ends in DAYS HRS MINS SECS,Urgency
,Urgency
,Urgency
EXTRA -30% OFF WITH CODE: EXTRA30 Ends in: 0 0 0 0 days 0 0 4 4 hours . 0 0 9 9 min . 2 2 8 8 sec,Urgency
,Urgency
,Urgency
,Urgency
Your order is reserved for 09:56 minutes!,Urgency
,Urgency
Cart will expire in 08:19 minutes!,Urgency
,Urgency
,Urgency
SAVE $200 OFF PUFFY,Urgency
11 11 Hours: 00 22 Minutes: 3223 3223 Seconds,Urgency
00DAYS00HOURS47MINUTES36SECONDS SALE ENDS ONCE COUNTER HITS ZERO,Urgency
,Urgency
01 Hours 37 Minutes 48 Seconds 1/10s,Urgency
13:09:27 HOURS MINUTES SECONDS Sale Ends Once The Timer Hits Zero!,Urgency
00Days17Hours12Mins13Secs,Urgency
,Urgency
,Urgency
Your order is reserved for 29:52 minutes!,Urgency
Hurry! This special sale ends in 2h 42m 0s,Urgency
Enter your email VIEW MY CODE OFFER EXPIRES IN: 0 minutes 00 seconds EXTRA 10% OFF,Urgency
YOUR CART IS ELIGIBLE FOR AN ADDITIONAL 10% OFF Including Current Promotions + Sale & Clearance 00 hours :29 minutes :26 seconds CHECK OUT NOW,Urgency
,Urgency
,Urgency
"Save 25% on your entire order 09 Hours 57 Minutes 34Seconds use code: SPRING25""",Urgency
Your order is reserved for 08:53 minutes!,Urgency
,Urgency
,Urgency
,Urgency
Sale ending in 0 days 04 hours 12 minutes 10 seconds,Urgency
,Urgency
,Urgency
,Urgency
,Urgency
Your order is reserved for 19:57 minutes.,Urgency
00 DAYS 00 HOURS 29 MINUTES 26 SECONDS,Urgency
,Urgency
Discount pending $10 OFF 00:30:00,Urgency
Your order will be reserved for 6:56 minutes.,Urgency
02:06:40 left to buy,Urgency
,Urgency
,Urgency
Special sale ends in,Urgency
,Urgency
,Urgency
Your order is reserved for 09:35 minutes!,Urgency
0011Days:0088Hours:4411Minutes:21125445Seconds,Urgency
FLASH 19:15:22,Urgency
02 DAYS :23 HOURS :00 MINS :54 SECS,Urgency
Please Order Within: 0 0 : 0 2 : 4 1 : 10 65,Urgency
Explosive Offers! 80% Off Everything 07:25:41,Urgency
Hurry up! Sales Ends in DAYS HRS MINS SECS by Beeketing ,Urgency
Your order is prioritized for 13:22 minutes!,Urgency
Your order is reserved for 09:35 minutes!,Urgency
,Urgency
,Urgency
,Urgency
LIMITED TIME LEFT! 00 : 46 : 11,Urgency
00 HRS 57 MINS 56 SECS,Urgency
2 DAYS 13:06:13,Urgency
,Urgency
,Urgency
Sale Ends in 5 days 14 hours 42 mins 53 sec,Urgency
,Urgency
"Hurry! Sale Ends In:

02:59:50",Urgency
,Urgency
,Urgency
,Urgency
,Urgency
,Urgency
Spring Sale Extended,Urgency
,Urgency
,Urgency
ENDS IN - Flash Offer - TWO PAIRS OF SHOES FOR $319 PROMO CODE AUTO-APPLIED AT CHECKOUT! 0 Days : 16 Hours : 09 Minutes : 57 Seconds,Urgency
2day 13:49:51 Left,Urgency
,Urgency
,Urgency
Days left until the offer ends: 00 Days 04:43:35,Urgency
Your cart is reserved for 14:05 minutes!,Urgency
,Urgency
,Urgency
,Urgency
,Urgency
,Urgency
"SALE ENDS IN 19 DAYS, 9 HOURS, 50 MINUTES, 54 SECONDS",Urgency
,Urgency
,Urgency
Your one-time offer! Enjoy 10% off sitewide. Applied at checkout Offer ends in: 04 hrs 37 min 56 sec,Urgency
Checkout within 04:10 so we don't run out of stock!,Urgency
,Urgency
,Urgency
,Urgency
,Urgency
,Urgency
Deal expires in: 03 hrs 25 mins 22 sec,Urgency
,Urgency
,Urgency
,Urgency
,Urgency
,Urgency
1day21:04:58,Urgency
1day21:04:58,Urgency
,Urgency
,Urgency
,Urgency
-90% discount if you order within 9:55:44,Urgency
,Urgency
,Urgency
OFFER EXPIRES IN: YES NO Want 10% Off Your First Order? 7 minutes 35 seconds,Urgency
,Urgency
,Urgency
,Urgency
Order in 13:16 to get $200 off your mattress,Urgency
60% OFF ENDS IN DAYS HOURS MINUTES SECONDS,Urgency
,Urgency
Your order is reserved for 09:45 minutes!,Urgency
,Urgency
,Urgency
,Urgency
,Urgency
,Urgency
,Urgency
00:15:07:45,Urgency
,Urgency
,Urgency
BE QUICK 00:57:33 DON'T MISS OUT,Urgency
VIP OFFERS END 00:54:59,Urgency
Offer ends in 15hrs 1min 56sec!,Urgency
3Days01:49:51 Left,Urgency
Your order is reserved for 09:58 minutes!,Urgency
,Urgency
,Urgency
,Urgency
,Urgency
,Urgency
activate within 10:00,Urgency
,Urgency
Your Cart Will Expire In 09:58 minutes!Please note that these items may not be available again if you release them.,Urgency
00:44:56,Urgency
Hurry Up ! Time is running out,Urgency
Hurry! Sale ends in:,Urgency
,Urgency
,Urgency
,Urgency
4 days 05:46:20,Urgency
,Urgency
,Urgency
Complete your purchase within the next 12:18 minutes and receive 10% off,Urgency
,Urgency
HAUTELOOK 04:53,Urgency
,Urgency
,Urgency
,Urgency
,Urgency
,Urgency
,Urgency
Your order is reserved for 09:45 minutes!,Urgency
,Urgency
,Urgency
,Urgency
,Urgency
Offer ends 0Hours:04Minutes:46Seconds,Urgency
25% OFF* ENDS IN 00 : 12 : 27 : 15 DAYS HRS. MIN. SEC.,Urgency
,Urgency
,Urgency
3DAYS124606,Urgency
3DAYS124606,Urgency
,Urgency
,Urgency
Items will be reserved in your cart for 19:10,Urgency
OFFER ENDS IN: 00:32:04 TIME IS RUNNING OUT!,Urgency
Items will be reserved in your cart for 19:10,Urgency
Offer ends in,Urgency
,Urgency
You left 2 items in your bag Released in: 29 minutes :07 seconds,Urgency
Your order is reserved for 09:45 minutes!,Urgency
,Urgency
,Urgency
,Urgency
Wait! YOUR CART QUALIFIES FOR 15% OFF YOUR ENTIRE ORDER. Offer Expires in: 2955,Urgency
,Urgency
,Urgency
,Urgency
,Urgency
,Urgency
,Urgency
,Urgency
,Urgency
Deal Ends In 2 : DAYS13 : HRS10 : MIN24 SEC,Urgency
,Urgency
,Urgency
,Urgency
,Urgency
,Urgency
,Urgency
,Urgency
Flash Sale ends in SHOP NOW  ,Urgency
,Urgency
,Urgency
DEAL ENDS IN 40:55:13,Urgency
DEAL ENDS IN 40:55:13,Urgency
Offer ends in 9hrs 55min 29sec!,Urgency
,Urgency
,Urgency
,Urgency
,Urgency
,Urgency
HURRY! DON'T MISS THIS DEAL! DAYS 0 1 HRS 1 2 MINS 3 1 SECONDS,Urgency
,Urgency
,Urgency
,Urgency
,Urgency
Your order is reserved for 07:28 minutes!,Urgency
,Urgency
,Urgency
,Urgency
,Urgency
Order in 14:53 to get 2 pillows for free,Urgency
,Urgency
,Urgency
,Urgency
HURRY! ENDS IN: 10 HRS 40 MIN 00 SEC,Urgency
,Urgency
Flash Sale - Almost Over! 00 HOURS : 55 1001 MINUTES : 0550 8778 SECONDS,Urgency
,Urgency
LAST CHANCE - UP TO 70% OFF - ENDS IN: 20 HRS 28 MINS 30 SECS,Urgency
,Urgency
1DAYS 04 HOURS 17 MINUTES 18 SECONDS,Urgency
,Urgency
HURRY! YOUR 10% OFF EXPIRES IN 29:43,Urgency
,Urgency
,Urgency
,Urgency
,Urgency
,Urgency
,Urgency
,Urgency
,Urgency
,Urgency
,Urgency
Offer ends in 03 days 19 hours : 54 mins : 22 secs,Urgency
,Urgency
,Urgency
,Urgency
,Urgency
,Urgency
35% OFF EVERYTHING* EXCL SALE & BEAUTY ENTER: DOLL35 - HURRY! ENDS IN  16H 59M 06S,Urgency
"HURRY, ORDER WITHIN 16h 59m 06s TO GET 35% OFF EVERYTHING* EXCL SALE & BEAUTY ENTER: DOLL35",Urgency
,Urgency
LAST CHANCE TO SAVE... enter your email to Save 20% on your first order 00 hours :29 minutes :43 seconds,Urgency
,Urgency
,Urgency
,Urgency
DAYS HRS MINS SECS,Urgency
,Urgency
,Urgency
,Urgency
,Urgency
,Urgency
,Urgency
,Urgency
,Urgency
OFFER ENDS 00:54:59,Urgency
,Urgency
,Urgency
,Urgency
HURRY! ENDS IN: 11 HRS 20 MIN 13 SEC,Urgency
Your order is reserved for 09:45 minutes!,Urgency
,Urgency
Your order has been reserved for,Urgency
,Urgency
"Ends in 1 Days, 4 Minutes, 44 Seconds",Urgency
OFFER ENDS: 09h: 09m: 55s: 0 ,Urgency
,Urgency
,Urgency
,Urgency
,Urgency
,Urgency
,Urgency
HURRY UP > 09H 42M 39S,Urgency
Your order is reserved for 09:43 minutes!,Urgency
,Urgency
,Urgency
,Urgency
,Urgency
,Urgency
,Urgency
,Urgency
,Urgency
,Urgency
,Urgency
,Urgency
,Urgency
,Urgency
Items reserved for 15:00,Urgency
Get 20% off Sample Doors! Ã—Offer Ends In 58 : 29 Use Promo Code sample20off,Urgency
Massive Tax Time Sale See Discounts! Sale ends in,Urgency
,Urgency
,Urgency
1 day 08:15:25,Urgency
Your order is reserved for 09:45 minutes!,Urgency
,Urgency
,Urgency
SAVE 10% On All Orders. No Voucher Code Needed Expires in 18:07:59.,Urgency
,Urgency
,Urgency
,Urgency
,Urgency
,Urgency
"UP TO 60% OFF SPRING SALE PLUS 10% OFF ALL SHOWERS ENTER CODE SHOWERS10 AT CHECKOUT, MUST END TUESDAY 02DAYS  :  04HOURS  :  13MINS  :  28SECS",Urgency
Your order is reserved for 09:35 minutes!,Urgency
,Urgency
"Hurry, Limited Time Offer! 11:25",Urgency
,Urgency
,Urgency
,Urgency
,Urgency
Time remaining: 04:50,Urgency
Price Guaranteed For DAYS/HRS/MINS/SECS,Urgency
,Urgency
,Urgency
,Urgency
,Urgency
,Urgency
,Urgency
Your order is reserved for 09:45 minutes!,Urgency
,Urgency
,Urgency
Your order is reserved for 09:35 minutes!,Urgency
"Hurry, Sale ends in 9 Hours!",Urgency
,Forced Action
"Iâ€™ve read and accept the terms & conditions * , I also authorize Bosley to contact me by phone or text utilizing automated dialing equipment, as well as by email or mail with information about appointments, products, services, news or promotions. I also agree to Bosley's Terms of Service. Otherwise, call Bosley at 800-985-6405 to request your FREE information kit or to schedule your FREE no-obligation consultation.",Forced Action
I accept the Terms & Conditions of the FREE Brother Care Program and agree to receive exclusive offers and general promotions from Brother. I may withdraw my consent at any time.,Forced Action
I would like to join Backstage Pass & agree to the Terms & Conditions & to receive emails & other promotional offers.,Forced Action
I agree to receive marketing emails from Natural Life and agree to our Privacy Policy and terms of use.,Forced Action
,Forced Action
"You may change the items in your order, or cancel the Smartship at anytime, up until 3 days prior to the scheduled ship date of your Smartship by calling Customer Service at 1-800-518-0284.",Obstruction
"If you wish to cancel your subscription, you can email us at getflat@flattummyco.com",Obstruction
"There is no commitment and no minimum to buy. Please note exact shipment times may vary. To customize this program or future shipments, call customer service anytime at 1-800-THICKEN (844-2536).",Obstruction
"Members may cancel their Membership at any time during their Membership term and receive a full refund, less any benefits/savings received in their current Membership term (for example, Buyerâ€™s Club Discounts received or free shipping). Refunds for completed years completed will not be made, even if the Member did not use any of the benefits during the Membership term. To cancel your membership, please contact our customer service department by contacting us at 1-800-375-3006.",Obstruction
"Ketolent subscriptions have no long term contracts. Pause, cancel, or change at any time. Want to swap Vanilla for Chocolate, or set up to renew every 3 weeks? No problem! Send us an email to help@ketolent.com and we'll make the change for you.",Obstruction
Purchase Benefit Club Member can cancel the Purchase Benefits at any time by calling MDGâ€™s Customer Service department at: 1-800-906-0975 ext. 352 and requesting to cancel the Purchase Benefits.,Obstruction
"We will also send you an additional email confirming your renewal. Should you elect not to renew your Membership, you may cancel at any time prior to the renewal by emailing us at passportmembership@1800flowers.com and your credit/debit card on file with us will not be charged. A confirmation email will be sent to you. If you email to cancel after your Membership has been renewed, your credit/debit card will have been charged the then current paid annual membership fee for the Passport Program, however you may request, and 1-800-Flowers may grant, a pro-rata refund within its sole discretion based upon the extent that you may have utilized the benefits of the Passport Program and the period of time remaining on your paid Membership.",Obstruction
"If you wish to cancel a membership, please contact our Customer Services Department on UK: +44 808 164 8264 (standard local call charges will apply) or via email on customer.service@beautypie.com. You can also contact the Customer Services Department by post at: Beauty Pie Limited, Customer Service Department, The Point, 210 New Kings Road, London SW6 5NZ, United Kingdom. Please quote your order number in all correspondence.",Obstruction
"Prior to the automatic renewal and billing, we will notify you in advance (via the email you used at the time of enrollment) of (i) the pending renewal, (ii) the then current fees and charges applicable to the Passport Program, and (iii) where you may find more information about the Passport Program. We will also send you an additional email confirming your renewal. Should you elect not to renew your Membership, you may cancel at any time prior to the renewal by emailing us at passportmembership@1800flowers.com and your credit/debit card on file with us will not be charged. A confirmation email will be sent to you.",Obstruction
"To cancel your order before it ships, call us.",Obstruction
"Exposed Membership (recurring subscription) and Cancellations  If You order with Exposed Membership, you are selecting a recurring billing subscription, where You will receive a new kit approximately every 60 days. You are able to cancel by contacting Exposed customer care at 1-866-404-7656, 8am â€“ 4pm Pacific Time, M-F.  If You are part of our Monthly installment program, You will be billed in two monthly installments for each acne kit shipped. Each kit will be shipped every two months unless your membership is canceled. To cancel Your Exposed Membership, You must: 1. first pay in full for all kits that have been shipped 2. and, then contact Exposed customer care at 1-866-404-7656 8am â€“ 4pm Pacific Time, M-F to process Your cancellation.",Obstruction
You may cancel your VIP membership at any time by calling 1-866-337-0906 (open 24/7).,Obstruction
"IF YOU PARTICIPATE IN AN AUTOMATIC RENEWAL SUBSCRIPTION AND YOU HAVE PROVIDED US WITH A VALID CREDIT CARD NUMBER OR AN ALTERNATE PAYMENT METHOD, EACH SHIPMENT WILL BE AUTOMATICALLY PROCESSED AT THE TIME OF EACH SHIPMENT OR INSTALLMENT AND WILL BE BILLED TO THE PAYMENT METHOD YOU PROVIDED TO US AT THE TIME OF YOUR INITIAL PURCHASE AND AGREEMENT TO PARTICIPATE IN THE PROGRAM. IF YOU WISH TO CANCEL YOUR PARTICIPATION IN AN AUTOMATIC RENEWAL SUBSCRIPTION, YOU MAY DO SO AT ANY TIME BY CONTACTING A CUSTOMER CARE PROFESSIONAL AT THE CONTACT INFORMATION PROVIDED ON THE WEBSITE.",Obstruction
"You may cancel or renew your membership to the VIP Program or find out more information about your VIP Program subscription, including your annual expiration date, by contacting support@grove.co.",Obstruction
"""No Worry"" Membership Renewal We will bill your credit card on file at the introductory rate of $2.99 per month for the first year, for membership rewards and discounts. At the end of the introductory period, you'll be billed at the regular monthly rate of $3.99 per month. If you don't want your membership renewed, simply contact us and we will cancel your subscription. You will be refunded for the current month's membership fee, less any membership savings you have received. Exclusive Toll-Free Hotline Number Because we want your calls to get top priority, we have a special number for Value Club members only: 1-800-648-4282. Your call will be handled with the utmost promptness, courtesy and efficiency possible.",Obstruction
"If your JR Plus membership has renewed automatically, you have seven (7) days after payment is taken to cancel your annual membership. You must contact Customer Service at (888) 574-3576 within this window and not have made any eligible purchase using the JR Plus service. You will then be provided with a full refund of your membership fee for the renewal year and the JR Plus service will be cancelled from your account. If you cancel during any renewal year after the seven (7) day window expires, you are not entitled to any refund of the renewal fee, even if you have not made any eligible purchase during the renewal term.",Obstruction
"You may cancel your JustFab VIP Membership at any time. There is absolutely no cancellation fee. If you would like to continue receiving selections, then just skip the month by clicking Skip This Month in your Boutique between the 1st and the 5th of the month. You won't be charged and no member credit will be generated for you. If you no longer want to skip the month, then call our Fashion Consultants on 020 36953830 (local rate) Mon-Fri 8:00AM to 8:00PM and Sat-Sun 10:00AM to 6:00PM or cancel your membership via chat.",Obstruction
You may cancel your VIP membership at any time by calling 1-866-337-0906 (open 24/7).,Obstruction
You may cancel your membership at any time by calling us at at 855-861-2573 (6:00AM â€“ 5:00PM PST) or by emailing support@luckytacklebox.com. California residents may also cancel your subscription by accessing your Account through the Site.,Obstruction
"You may cancel your Minted More membership at any time by contacting Minted Customer Service at www.minted.com/help. If you cancel your membership before your Minted More gift box has shipped, we will refund your full membership fee; provided that we may charge you (or withhold from your refund) the value of Minted More discount benefits used by you and your account prior to cancellation. If you cancel at any other time, your membership fee is non-refundable.",Obstruction
We may also disclose your information to third parties who may contact you with details of other products and services which may be of interest. If you do not want your name and mailing details made available in this way please email opt-out@nextdirect.com,Obstruction
We may also disclose your information to third parties who may contact you with details of other products and services which may be of interest. If you do not want your name and mailing details made available in this way please email opt-out@nextdirect.com,Obstruction
"When you join the PetPlus Plan, you are given the option to purchase your membership on an annual or monthly basis and you are automatically enrolled in our recurring billing program. You may cancel at any time by contacting our customer service team, but you will not be refunded for any unused days on your membership if you choose to cancel prior to the end of your billing cycle. You may cancel your PetPlus membership at any time without penalty if you have not utilized any of your PetPlus benefits (including discounts on products and/or services). For customers charged on a monthly basis, if you have purchased products or used services using your PetPlus benefits, we will charge a $25 administrative fee per membership cancellation if the membership is cancelled within three months of enrollment.",Obstruction
"ONLY $1.99 FOR YOUR FIRST SIX MONTHS, THEN EACH YEAR YOUR MEMBERSHIP WILL AUTOMATICALLY RENEW FOR $39.99 AND BE CHARGED TO YOUR CREDIT/DEBIT CARD ON FILE. CANCEL YOUR VIP MEMBERSHIP ANY TIME TO RECEIVE A PRORATED REFUND BY CALLING (800) 543-7309. BY SUBMITTING YOUR ORDER, YOU AGREE TO THESE VIP MEMBERSHIP TERMS.",Obstruction
"For more information about the VIP Rewards Club Membership, to purchase or terminate a membership, or to start or stop automatic renewal of a membership, contact Ross-Simons Customer Service by postal mail at: Ross-Simons, 9 Ross-Simons Drive, Cranston, Rhode Island 02920; or by email at customerservice@ross-simons.com; or by calling the VIP Rewards Club priority line at 800-835-3799.",Obstruction
,Obstruction
"There's no obligation to buy as an Xtra VIP Member, nor is there any minimum number of months or commitment for membership. You can shop or â€˜Skipâ€™ by the 5th of each month, and you can cancel your membership at any time by calling (855) SAVAGEX (open 24/7).",Obstruction
You may cancel your VIP membership at any time by calling 1-866-337-0906 (open 24/7).,Obstruction
"YOU MAY CANCEL YOUR WINE CLUB MEMBERSHIP OR ANY HOLIDAY SHIPMENTS AT ANY TIME BY CONTACTING US AT 1-877-975-9463, AND WE WILL PROMPTLY STOP PROCESSING THE RECURRING PAYMENTS.",Obstruction
"How do I cancel my membership? We are confident you will enjoy your Premium Membership. If for any reason you are not completely satisfied within the first 30 days of your paid Annual Membership, we will refund 100% of your membership fee no questions asked. After 30 days we will refund your membership fee on a pro-rated basis. There are no refunds on Monthly Memberships. To obtain a refund, please contact us at 1-855-253-0822 or by email at wwgoasubscription@program-director.net.",Obstruction
"CANCELLATION POLICY: If you are not completely satisfied with Yogi Surprise, you can cancel your membership and discontinue your monthly payments at any time. In order to cancel before you are renewed for the next shipment, you need to contact Yogi Surprise prior to the renewal date on the 14th of each month. Email: support@yogisurprise.com and weâ€™ll respond promptly. If your membership has already renewed and youâ€™d like to cancel an upcoming shipment, you must request cancellation by the 3rd of the month to be eligible for a refund. IF YOU DO NOT CANCEL PRIOR TO THE THIRD DAY OF A CALENDAR MONTH, YOU CANNOT BE REFUNDED FOR THAT MONTHâ€™S SHIPMENT. WE DO NOT OFFER REFUNDS ON BOXES THAT HAVE ALREADY BEEN SHIPPED. To request cancellation, simply click here and submit the contact form or email us: support@yogisurprise.com. Weâ€™ll get back to promptly!",Obstruction
Merchandise: $69.99iService Charge: $14.99 Total Before Tax: $84.98 Estimated Tax:$5.63Order Total: $90.61,Sneaking
,Sneaking
,Sneaking
Order Subtotal $19.99 Standard Delivery $12.99 Care & Handling $2.99 Tax $2.38 Total $38.35 Savings Today $10.00,Sneaking
Hugs and Kisses Rose Bouquet $44.99 Discount -$6.75 Delivery $13.99 Tax $3.46 Item Total $55.69,Sneaking
,Sneaking
,Sneaking
,Sneaking
Free 60 day VIP trial membership with this order. Cancel anytime.,Sneaking
,Sneaking
,Sneaking
,Sneaking
"WOULD YOU LIKE A FREE NEXT DIRECTORY? Explore all the latest collections from your free Next Directory. By opting in to receive the Next Directory you agree that we may send you, at our discretion, further Directories usually in January and July each year, at a charge of Â£3.75 per publication. You also agree to receive supplementary Directories and â€˜New Inâ€™ publications at no additional charge.",Sneaking
"â—ŠAfter 1 year, subscription auto renews with fee. Review your iFitÂ® Coach account on a computer, tablet, smartphone, or equipment console.",Sneaking
"Be part of the best family ever & enjoy 15% in VIP Benefits on every order, every day. That's 10% Instant Savings plus 5% back in Rewards Cash on everything. Plus, enjoy 90 days to test run your shoes, socks, and insoles. And so much more! Join today for just $1.99 your first year.  ",Sneaking
,Sneaking
,Sneaking
"1 Netflix offer: Not available to customers with an active Netflix offer from Vodafone. Available only on Red+ Lite, Unlimited, Red+ Essentials and Red+ until the 8th of August 2019. Exit fee of $60 applies if you exit or transfer your plan before 6 months. Plan exit fees may also apply. Netflix Offer: One year Netflix â€˜Standardâ€™ plan ($14.99 a month) credit will be applied to your Netflix account on activation. At the end of your credit, you will be charged at your Netflix plan rate unless you cancel your Netflix subscription. Cancel Netflix at any time. Netflix compatible device required. See eligible plans and full Netflix terms.",Sneaking
Enjoy FREE shipping with WSJwine Advantage,Sneaking
Selling fast!,Scarcity
"An item you ordered is in high demand. No worries, we have reserved your order.",Scarcity
"An item you ordered is in high demand. No worries, we have reserved your order.",Scarcity
"An item you ordered is in high demand. No worries, we have reserved your order.",Scarcity
"An item you ordered is in high demand. No worries, we have reserved your order.",Scarcity
"An item you ordered is in high demand. No worries, we have reserved your order.",Scarcity
"An item you ordered is in high demand. No worries, we have reserved your order.",Scarcity
"An item you ordered is in high demand. No worries, we have reserved your order.",Scarcity
Will sell out fast!,Scarcity
Strong demand! Complete your order before it's too late!,Scarcity
"An item you ordered is in high demand. No worries, we have reserved your order.",Scarcity
"An item you ordered is in high demand. No worries, we have reserved your order.",Scarcity
Items in your cart are in VERY high-demand.,Scarcity
"An item you ordered is in high demand. No worries, we have reserved your order.",Scarcity
Items in your cart are in high demand.,Scarcity
Extremely high demand: expect 2-4 weeks for it to arrive (to be safe). Limit 4 per person!,Scarcity
"An item you ordered is in high demand. No worries, we have reserved your order.",Scarcity
High demand,Scarcity
HIGH DEMAND,Scarcity
"An item you ordered is in high demand. No worries, we have prioritized your order.",Scarcity
"An item you ordered is in high demand. No worries, we have reserved your order.",Scarcity
This item is in high demand.,Scarcity
"Sorry, this is out of stock. You just missed it.",Scarcity
Items in your cart are selling fast,Scarcity
"An item you ordered is in high demand. No worries, we have reserved your order.",Scarcity
Items in your cart are in high demand. But we have reserved your order.,Scarcity
"An item you ordered is in high demand. No worries, we have reserved your order.",Scarcity
"An item you ordered is in high demand. No worries, we have reserved your order.",Scarcity
"ONCE IT'S GONE, IT'S GONE",Scarcity
"ONCE IT'S GONE, IT'S GONE",Scarcity
"An item you ordered is in high demand. No worries, we have reserved your order.",Scarcity
SELLING FAST! GET 10% OFF THIS ITEM. ACTIVATE NOW.,Scarcity
"An item you ordered is in high demand. No worries, we have reserved your order.",Scarcity
"Items in your cart are in high demand, but we have reserved your order.",Scarcity
"Our items sell fast, don't miss out!",Scarcity
"An item you ordered is in high demand. No worries, we have reserved your order.",Scarcity
"An item you ordered is in high demand. No worries, we have reserved your order.",Scarcity
"An item you ordered is in high demand. No worries, we have reserved your order.",Scarcity
AN ITEM IN YOUR CART IS SELLING OUT QUICKLY,Scarcity
IN HIGH DEMAND!,Scarcity
"An item you ordered is in high demand. No worries, we have prioritized your order.",Scarcity
"An item you ordered is in high demand. No worries, we have reserved your order.",Scarcity
"Hurry, this style is selling fast!",Scarcity
In demand,Scarcity
"Due To HIGH Demand, Cart Expires In: 08:41",Scarcity
Selling Fast,Scarcity
"Hurry, this style is selling fast!",Scarcity
LIMITED OFFER: $125 Off + 2 Free Pillows,Urgency
Sale ends soon,Urgency
* Limited Time Offer *\nFREE\nTLPWR1 Test Leads!,Urgency
"Here for a limited time. 4.5"" Red Bottle Sticker w/ Adam's Logo",Urgency
LIMITED TIME BLOW OUT SALE UP TO 70% OFF! 110% BEST PRICE GUARANTEE!,Urgency
FREE SHIPPING FOR A LIMITED TIME | PRICES ARE IN USD AND INCLUDE ALL IMPORT DUTIES.,Urgency
"Flash Sale Alert! You can now buy Utorch Corridor Porch Aisle Lights from Gearbest.com for only $7.99 (47% off). Hurry up, limited time offer!",Urgency
Limited Time Offer,Urgency
Limited time offer,Urgency
Limited time offer,Urgency
"LIMITED TIME - BUY THE NEW PURPLE PLUSH PILLOW, GET ONE FREE",Urgency
"Now 30% off - hurry, limited time offer!",Urgency
LIMITED TIME DEAL!,Urgency
Wait! Take 10% off Your First Order Deal Expires Soon!,Urgency
LIMITED TIME SALE,Urgency
ONLY AVAILABLE FOR A LIMITED TIME,Urgency
50% OFF for Limited Time Only!!!,Urgency
"Only available for a LIMITED TIME, so get yours TODAY!",Urgency
LIMITED TIME OFFER! FREE SHIPPING OVER $99 + FREE RETURNS*,Urgency
Ends Sunday! $200 off any mattress . free shipping & free returns!,Urgency
Act now and save $12.99. Limited time only!,Urgency
"For a limited time, buy 2 Hydroxycut Hardcore Elite, 30 Servings for $30!",Urgency
(LIMITED TIME OFFER) TORSION GUN HOLSTER SUPER COMBO,Urgency
ON SALE AT $1.99 FOR A LIMITED TIME,Urgency
LIMITED TIME: FREE SHIPPING LOWERED TO ORDERS OVER $69.95!,Urgency
"LIMITED TIME OFFER 10% OFF - ENTER CODE \""CASES\"" AT CHECKOUT",Urgency
Sale ends soon:,Urgency
FOR A LIMITED TIME ONLY,Urgency
Limited Time Promo $194.00,Urgency
Limited Time Offer!,Urgency
LIMITED TIME ONLY: FREE SHIPPING TO SELECT COUNTRIES ON ORDERS OVER $100!,Urgency
Limited Time,Urgency
$69.50 For A Limited Time Details,Urgency
FLASH SALE | LIMITED TIME ONLY Shop Now,Urgency
Limited Time Sale - Buy Now!,Urgency
LIMITED TIME: $10 OFF! DISCOUNT REFLECTED IN PRICE!,Urgency
SLEEP EVENT OFFERS - LIMITED TIME ONLY,Urgency
Limited Time: $10 Off! Discount Reflected In Price!,Urgency
Limited time offer,Urgency
Full HD 144Hz IPS Anti-Glare (1920 x 1080) FREE Upgrade (Limited time offer!),Urgency
On Sale! Limited Time Offer!,Urgency
Limited Time Offer,Urgency
Limited Time Offer,Urgency
FREE SHIPPING // FOR A LIMITED TIME ONLY,Urgency
Limited Time Offers,Urgency
Limited time remaining!,Urgency
Limited Time Remaining!,Urgency
Limited time - final price reflects extra 29% off,Urgency
LIMITED TIME! - Save $5 OFF Orders $70+ Coupon: SAVE5 - PLUS - Free Gift on Orders $125+,Urgency
LIMITED TIME ONLY!,Urgency
LIMITED TIME ONLY,Urgency
Free Shipping On Orders Over $49* - Limited Time Only,Urgency
HURRY! Â£32.99 UK DELIVERY ENDS SOON,Urgency
"$3,159.20 $3,949.00 Limited time only",Urgency
Limited Time Only - Up to 30% OFF Freshwater Plants! SHOP NOW >,Urgency
Limited Time Offer: 10% Off your first order!,Urgency
FRAMON #2 Code Machine Offer - Limited time offer!,Urgency
STOCK IS GUARANTEED FOR 60 MINUTES,Urgency
"Hurry, before it is gone! Limited time remaining!",Urgency
LIMITED TIME ONLY!,Urgency
ON SALE: Select Seasonal T-Shirts only $19.99! Limited time only! Save Now!,Urgency
LIMITED TIME OFFER!,Urgency
LIMITED TIME ONLY *on select models,Urgency
Limited Time Offer Limited Offer! 15% off on Naomi Home with Coupon 9N03. You pay $63.74,Urgency
Limited Time!,Urgency
Free Shipping. Limited Time Only. for orders over $50,Urgency
Limited time - Free Shipping on all orders*,Urgency
Limited Time Offer!,Urgency
25% OFF SELECTED JACKETS Limited Time,Urgency
40% OFF EVERYTHING* ENTER: 40PLT + FREE SHIPPING OVER $80 HURRY! LIMITED TIME ONLY,Urgency
40% OFF EVERYTHING* ENTER: 40PLT + FREE SHIPPING ON ALL ORDERS OVER $80 ,Urgency
On Sale! Limited Time Offer!,Urgency
SAVE $300.00\nfor limited time,Urgency
"Now 20% off, hurry limited time offer!",Urgency
Site Wide Savings for the Entire Family! Pricing is off Rogan's Shoes every day Low Prices! Prices are already reflected on the site. Limited time only! Restrictions apply. Online Only.,Urgency
LIMITED TIME OFFER MEN'S CHINOS & 5-POCKET PANTS BUY 2 FOR $59.90 EACH SHOP NOW,Urgency
Limited time offer.,Urgency
Hot Offer. Limited Time,Urgency
LIMITED TIME OFFER,Urgency
LAYAWAY SALE WE WILL MATCH YOUR INITIAL PAYMENT. LIMITED TIME ONLY,Urgency
"Limited time only: FREE SHIPPING on all orders, no minimum required!",Urgency
20% OFF VALENTINE\u2019S DAY FAVOURITES * | LIMITED TIME ONLY,Urgency
Limited Time Only Â· Online Only,Urgency
LIMITED TIME ONLY 10 OFF 50 SPEND NEW CUSTOMERS ONLY - TERMS & CONDITIONS APPLY,Urgency
Limited Time Only! 20% Off,Urgency
"Free Upgrade, Limited Time!\n*DISH Install Not Available*",Urgency
"Rs 4,013 (Retail Discount) + Rs 2,997 (Limited Time Coupon)",Urgency
SAVE TODAY: Save 20% on lighting by Le Klint. Limited time only.,Urgency
Only 2 units left in stock,Scarcity
Low Stock â€“ Selling Fast,Scarcity
Only 1 left in stock,Scarcity
Limited Stock,Scarcity
ONLY 4 LEFT IN STOCK,Scarcity
Only 1 left,Scarcity
4 items left,Scarcity
Only 1 left,Scarcity
Only 2 left in stock,Scarcity
Only 2 left in stock,Scarcity
Low In Stock Today,Scarcity
Only 1 left in stock,Scarcity
ONLY 3 LEFT IN STOCK.,Scarcity
Only 9 items left!,Scarcity
Only 4 left in stock,Scarcity
"894 Claimed! Hurry, only a few left!",Scarcity
Only 1 unit left in stock,Scarcity
ONLY 1 LEFT! GET IT NOW!,Scarcity
Limited Stock,Scarcity
We have 1 left in stock,Scarcity
Only 1 left!,Scarcity
Only 15 left in stock,Scarcity
Only 8 left in stock,Scarcity
Only 3 left in stock,Scarcity
Only 14 left in stock,Scarcity
Only 1 items left,Scarcity
89% offers claimed. Hurry up!,Scarcity
ONLY 4 LEFT!,Scarcity
HURRY! ONLY 19 LEFT IN STOCK.,Scarcity
Only 1 left,Scarcity
Only 1 left in stock,Scarcity
"Order now, only 2 left in stock!",Scarcity
Only 1 left in stock,Scarcity
70% offers claimed. Hurry up!,Scarcity
Low in stock: only 1 left.,Scarcity
96 ITEM(S) LEFT IN STOCK!,Scarcity
2 left in stock,Scarcity
"Hurry, only 3 left!",Scarcity
Only 1 left in stock!,Scarcity
Less than 10 left in stock,Scarcity
Availability: Low in stock today,Scarcity
Limited Quantity,Scarcity
Limited stock!,Scarcity
HURRY! Only a few left in stock!,Scarcity
80% offers claimed. Hurry up!,Scarcity
Only 1 left,Scarcity
70% offers claimed. Hurry up!,Scarcity
Only 1 left in stock,Scarcity
Only 11 left!,Scarcity
Only 1 left!,Scarcity
Only 14 left!,Scarcity
Only 14 left!,Scarcity
Pre-order 3 left,Scarcity
Only 6 left,Scarcity
70% offers claimed. Hurry up!,Scarcity
Only 32 left in stock,Scarcity
Only few items left in stock,Scarcity
Only 2 left,Scarcity
ONLY 1 LEFT IN STOCK!,Scarcity
Only 2 left in stock,Scarcity
Only 2 units left!,Scarcity
ONLY 7 LEFT!,Scarcity
Only 1 Left in this Size!,Scarcity
There is only one product left!,Scarcity
Limited Stock!,Scarcity
Only 2 units left in stock,Scarcity
Low in stock: only 1 left.,Scarcity
Only 69 left!,Scarcity
HURRY! ONLY 2 LEFT IN STOCK!,Scarcity
83% offers claimed. Hurry up!,Scarcity
ONLY 4 LEFT!,Scarcity
Only 1 left In Stock,Scarcity
Only 8 left,Scarcity
Only 4 left at this price,Scarcity
Only 1 unit left in stock,Scarcity
90% offers claimed. Hurry up!,Scarcity
Only 1 Left in Stock!,Scarcity
Only 4 copies left,Scarcity
Low in stock: only 1 left.,Scarcity
Status:Only 3 left in stock,Scarcity
87% offers claimed. Hurry up!,Scarcity
Only 1 left,Scarcity
9 items left,Scarcity
70% offers claimed. Hurry up!,Scarcity
6 items left! Order soon.,Scarcity
Only 1 left in stock!,Scarcity
HURRY ONLY 9 LEFT IN STOCK!,Scarcity
Only 1 left in stock - Order soon,Scarcity
*Only 2 left in stock. Don't miss out!,Scarcity
Only 2 left in stock,Scarcity
Limited stock!,Scarcity
Only 3 left!,Scarcity
Only one item left in stock!,Scarcity
Only 1 item left,Scarcity
Only one item left in stock!,Scarcity
Only one item left in stock!,Scarcity
Only 8 items left in stock!,Scarcity
Only 82 left in stock!,Scarcity
Only 4 left in stock,Scarcity
Only 1 left in stock! Get in quick!,Scarcity
LESS THAN 5 LEFT!,Scarcity
1 LEFT,Scarcity
3 items left,Scarcity
Only 1 left!,Scarcity
Only 1 Left,Scarcity
Only 3 left in stock,Scarcity
Only 9 Left!,Scarcity
Only 14 left,Scarcity
1 left at this price,Scarcity
Only 3 left!,Scarcity
23% left in stock!,Scarcity
ONLY 1 LEFT! GET IT NOW!,Scarcity
,Scarcity
83% offers claimed. Hurry up!,Scarcity
Only 5 left in stock,Scarcity
Only 1 left,Scarcity
Only 3 left,Scarcity
Only 1 left in stock,Scarcity
Only 1 left!,Scarcity
Only 2 left!,Scarcity
Only 1 Left!,Scarcity
Only 1 Left!,Scarcity
Only 34 Left!,Scarcity
70% offers claimed. Hurry up!,Scarcity
LOW IN STOCK!! GET YOURS NOW,Scarcity
74% offers claimed. Hurry up!,Scarcity
Only 5 left in stock,Scarcity
1 LEFT IN THIS SIZE,Scarcity
ONLY 3 LEFT! GET IT NOW!,Scarcity
1 item left,Scarcity
Please note all products are made in limited quantities and we rarely restock - checkout now so you don't miss out!,Scarcity
"Hurry, only 1 left!",Scarcity
Hurry! Only 2 left,Scarcity
"HURRY, THERE ARE ONLY 9 ITEM(S) LEFT!",Scarcity
Hurry! Only 1 left in stock,Scarcity
Only 1 left in online stock,Scarcity
Only 1 left in stock.,Scarcity
Hurry! Only 1 left in stock,Scarcity
"Size low on stock, only 1 item left",Scarcity
Only 8 left!,Scarcity
Hurry! Only 2 left at this price!,Scarcity
ONLY 52 items left in stock!,Scarcity
Over 500 left in stock,Scarcity
Hurry only 8 items left!,Scarcity
72% offers claimed. Hurry up!,Scarcity
Only 1 Left !,Scarcity
Only 1 items left in stock!,Scarcity
Only 2 Left,Scarcity
LIVE REMAINING STOCK,Scarcity
HURRY! LESS THAN 129 LEFT.,Scarcity
"Hurry, only a few left!",Scarcity
Only 1 left in stock,Scarcity
Only 9 left in stock,Scarcity
Only 1 left.,Scarcity
Only 7 in Stock!,Scarcity
"Don't miss out, only 2 left in stock",Scarcity
Only 5 left in stock,Scarcity
Only 3 left in stock,Scarcity
Only 4 left in stock,Scarcity
Only 1 left in stock,Scarcity
only 2 left in stock,Scarcity
Limited Quantity Available,Scarcity
Hurry! Only 3 Left In Stock.,Scarcity
Hurry up! Only 11 items left,Scarcity
Only 3 Left!,Scarcity
ONLY 1 LEFT,Scarcity
Only 3 left,Scarcity
Only 2 stock available,Scarcity
ONLY 2 LEFT IN STOCK!,Scarcity
5 items left,Scarcity
Only 1 left in stock!,Scarcity
"Hurry, only 2 left in stock!",Scarcity
Only 1 left!,Scarcity
Hurry! Only a few of these left,Scarcity
Hurry Up! Only 1 Piece Left,Scarcity
Only 1 left,Scarcity
Only 8 left,Scarcity
"Hurry, only 1 left!",Scarcity
Only 5 left in stock,Scarcity
Hurry only 1 left!,Scarcity
Only 1 Item(s) left,Scarcity
1 left in stock,Scarcity
Only 1 left in stock,Scarcity
Only 33 left,Scarcity
70% offers claimed. Hurry up!,Scarcity
ONLY 5 LEFT IN STOCK,Scarcity
ONLY 1 LEFT IN THIS SIZE,Scarcity
ONLY 5 LEFT,Scarcity
Only 3 Left in Stock!,Scarcity
(Only 5 Left),Scarcity
Only 6 left,Scarcity
Only 3 left in stock!,Scarcity
Last 1 in stock,Scarcity
Only 16531 items left in stock!,Scarcity
Only 1 left in stock!,Scarcity
Only 1 left in stock!,Scarcity
only 5 left,Scarcity
ONLY 8 LEFT,Scarcity
Only 498 left,Scarcity
only 1 in stock,Scarcity
WARNING! Only 5 left in stock!,Scarcity
Only 7 left,Scarcity
Only 2 left,Scarcity
Only 3 left in stock.,Scarcity
Don't miss out on this item! There is only 1 left in stock.,Scarcity
Only 5 item(s) left.,Scarcity
Only 1 Item Left!,Scarcity
Only 1 item left!,Scarcity
Only 5 left,Scarcity
Only 1 left,Scarcity
3 left in stock,Scarcity
ONLY 5 LEFT IN STOCK!,Scarcity
"Only 1 left , In Stock",Scarcity
ONLY 4 LEFT IN STOCK,Scarcity
Limited stock!,Scarcity
"HURRY, ONLY 1 LEFT!",Scarcity
ONLY 1 LEFT,Scarcity
ONLY 1 LEFT,Scarcity
ONLY 1 LEFT,Scarcity
Only 1 Left,Scarcity
Only 1 left!,Scarcity
ONLY 4 LEFT IN STOCK,Scarcity
ONLY 3 LEFT,Scarcity
Only 3 left in stock!,Scarcity
"1 left, order now!",Scarcity
18 In Stock,Scarcity
3 left,Scarcity
Only 1 Left!,Scarcity
Only 3 left In Stock,Scarcity
Only 3 left in stock,Scarcity
JUST 1 LEFT!,Scarcity
ONLY 1 LEFT,Scarcity
LESS THAN 8 LEFT IN STOCK!,Scarcity
Only 4 left,Scarcity
"Hurry, Only 4 Left In Stock. Buy Now!",Scarcity
Availability: Low Stock,Scarcity
Availability: Only 1 Left,Scarcity
Only 1 left!,Scarcity
"Only 2 left, order soon",Scarcity
"Only 2 left, order soon",Scarcity
"Only 3 left, order soon",Scarcity
"Only 3 left, order soon",Scarcity
Only 6 left,Scarcity
Only 2 items left,Scarcity
Only 1 left!,Scarcity
Limited stock!,Scarcity
Only 3 left in stock,Scarcity
Only 1 Left,Scarcity
Only 2 items left,Scarcity
Only 2 items left,Scarcity
Only 7 left!,Scarcity
Only 1 left in stock,Scarcity
Limited stock!,Scarcity
Only 1 Left,Scarcity
only 5 left in stock!,Scarcity
Warning: Last items in stock!,Scarcity
Fewer than 5 left!,Scarcity
Fewer than 5 left!,Scarcity
Hurry! Only 15 left!,Scarcity
"Don't snooze, only 1 left",Scarcity
Hurry! Only 2 left!,Scarcity
Hurry! Only 7 left,Scarcity
Only 1 left in stock,Scarcity
Only 2 left.,Scarcity
Limited quantity available,Scarcity
Limited quantity remaining,Scarcity
Last one available,Scarcity
Limited quantity remaining,Scarcity
Only 1 left,Scarcity
Only 1 products left,Scarcity
"In stock, only 1 products left",Scarcity
Limited quantity! ,Scarcity
Only 1 left in stock,Scarcity
HURRY! 3 left in stock!,Scarcity
ONLY 1 LEFT IN STOCK!,Scarcity
(Only 1 left!),Scarcity
Only 1 left,Scarcity
ONLY 3 LEFT IN STOCK!,Scarcity
Only 8 item(s) left,Scarcity
Only 8 item(s) left,Scarcity
Only 7 left,Scarcity
Stock Low : 6 items left.,Scarcity
Only 5 Left,Scarcity
"In Stock, Only 1 Left!",Scarcity
In stock | 44 left,Scarcity
Only 9 left!,Scarcity
3 left in stock,Scarcity
Only 9 units left in stock online.,Scarcity
Only 9 left!,Scarcity
Hurry! Almost Sold Out...,Scarcity
Only 1 left in Stock,Scarcity
limited availability at this price!,Scarcity
only 7 pieces left,Scarcity
Only 4 left in this size!,Scarcity
"Hurry, Only a few left!",Scarcity
Hurry! Only 1 Pair left!,Scarcity
Hurry! Limited Quantity Available.,Scarcity
Hurry! Limited Quantity Available.,Scarcity
Less than 6 items left,Scarcity
Low Stock,Scarcity
ONLY 2 LEFT,Scarcity
Hurry! Only Limited Items Left,Scarcity
Last chance! Only 1 left,Scarcity
Last chance! Only 1 left,Scarcity
"Only 5 left , In Stock",Scarcity
Only 1 in stock,Scarcity
LAST 1 LEFT,Scarcity
Only 2 left,Scarcity
167 piece(s) left for this promo,Scarcity
Limited Quantity,Scarcity
Only 8 item(s) left.,Scarcity
Only 9 left!,Scarcity
ONLY 4 LEFT,Scarcity
ONLY 1 LEFT IN STOCK,Scarcity
Only 9 left,Scarcity
Only 3 left,Scarcity
Only a few left,Scarcity
ONLY 4 LEFT!,Scarcity
In Stock (8) Left,Scarcity
8 items left,Scarcity
"LOW IN STOCK, only 2 left",Scarcity
1 left in stock. Hurry!,Scarcity
20 units left,Scarcity
only 2 left!,Scarcity
Only 3 left!,Scarcity
ONLY 1 LEFT,Scarcity
ONLY 1 REMAINING,Scarcity
(5 Left),Scarcity
Only 1 left!,Scarcity
Only 2 left in stock,Scarcity
ONLY 1 LEFT!,Scarcity
Hurry only 2 left,Scarcity
Only 8 Left!,Scarcity
8 items left,Scarcity
Only 4 left in stock,Scarcity
Availability: Low Stock 4 Remaining,Scarcity
Low Stock! Only 3 left.,Scarcity
Hurry! Only 6 left in stock,Scarcity
Low Stock Alert: Only 8 left in inventory,Scarcity
LOW STOCK: Only 1 left.,Scarcity
Only A Few Left,Scarcity
ONLY A FEW LEFT IN STOCK,Scarcity
Only 2 Left In Stock,Scarcity
Only 1 left,Scarcity
Only 4 left in stock,Scarcity
ONLY A FEW LEFT,Scarcity
Only 2 left,Scarcity
Only 7 left in stock.,Scarcity
Only 4 items left in stock.,Scarcity
Only 5 Left in Stock. Buy Soon!,Scarcity
Only 2 left in stock,Scarcity
ONLY 1 LEFT,Scarcity
ONLY 3 LEFT,Scarcity
ONLY 5 LEFT,Scarcity
ONLY 12.5M LEFT IN STOCK!,Scarcity
ONLY 2 LEFT,Scarcity
Only 2 items left in stock.,Scarcity
2 LEFT,Scarcity
1 item left,Scarcity
Only 3 left.,Scarcity
"Only 1 left , In Stock",Scarcity
Only 1 Left,Scarcity
Only a few more left!,Scarcity
Only 1 left!,Scarcity
Only 1 items left,Scarcity
Only 6 items left,Scarcity
Hurry! Only 2 left in stock!,Scarcity
Limited quantity available,Scarcity
Fewer than 5 left!,Scarcity
Fewer than 5 left!,Scarcity
2 items left,Scarcity
Limited Availability,Scarcity
We only have 8.0000 left in Stock,Scarcity
Only 1 left in stock! Order soon!,Scarcity
Only 3 left in stock,Scarcity
Only 1 left in stock,Scarcity
Only 4 left,Scarcity
ONLY 2 LEFT,Scarcity
3 left in stock,Scarcity
Only 2 left in stock!,Scarcity
Only 7 left in stock!,Scarcity
QUICK! ONLY 1 LEFT IN STOCK,Scarcity
Only 2 items left,Scarcity
Going Fast: Limited Quantities Left!,Scarcity
In Stock - Limited Quantity,Scarcity
Only 1 left,Scarcity
Only 1 left,Scarcity
Only 25 Deals left,Scarcity
ONLY 1 LEFT,Scarcity
1 in stock,Scarcity
Currently less than 10 available,Scarcity
Only 1 piece left.,Scarcity
Hurry! Only 1 left!,Scarcity
Hurry! Only 1 left!,Scarcity
Almost Sold Out! Only 2 Left.,Scarcity
Only 4 left,Scarcity
"ONLY 5 LEFT, ORDER SOON!",Scarcity
Only 9 Left.,Scarcity
Hurry! Only 1 Left In Stock,Scarcity
Only 867 left,Scarcity
Only 1 left in stock,Scarcity
10 Left in stock,Scarcity
Hurry! 1 items left!,Scarcity
LOW STOCK (ONLY 10 LEFT!),Scarcity
ONLY 1 LEFT IN STOCK!,Scarcity
10 Left,Scarcity
ONLY 1 ITEM LEFT!,Scarcity
Only 13 left!,Scarcity
only 5 left in stock,Scarcity
2 in stock,Scarcity
Only 11 Left In Stock,Scarcity
Only 11 Left In Stock,Scarcity
Only 3 pieces in stock!,Scarcity
ONLY 1 LEFT,Scarcity
Less than 10 left!,Scarcity
Less than 7 left!,Scarcity
3 LEFT,Scarcity
Only 2 copies left,Scarcity
Only 2 left!,Scarcity
Only 2 left!,Scarcity
Only 4 left!,Scarcity
Only 20 left,Scarcity
Only 4 left,Scarcity
1 item left,Scarcity
Only 5 left!,Scarcity
5 LEFT,Scarcity
5 left,Scarcity
"1 left, order now!",Scarcity
ONLY 4 LEFT!,Scarcity
"Hurry, limited quantities left!",Scarcity
ONLY 1 ITEM LEFT,Scarcity
"Hurry, only 302 left.",Scarcity
Low in stock: only 2 left.,Scarcity
Low in stock: only 2 left.,Scarcity
Only 2 left in stock,Scarcity
2 left in stock,Scarcity
ONLY 5 LEFT!,Scarcity
ONLY 4 LEFT!,Scarcity
Limited Quantity Available,Scarcity
ONLY 2 LEFT,Scarcity
ONLY 2 LEFT,Scarcity
Only 1 Left,Scarcity
Hurry! Only 6 left in stock!,Scarcity
Only 2 left in stock. Make it yours.,Scarcity
ONLY 5 LEFT!,Scarcity
"Hurry, only 3 left!",Scarcity
Currently 8 left in stock.,Scarcity
Only 3 left in stock.,Scarcity
Only 1 left,Scarcity
Only 1 left in stock!,Scarcity
Hurry! Only 2 Left,Scarcity
Only a few left of this product!,Scarcity
Only 16 Left in Stock!,Scarcity
Only 1 left,Scarcity
HURRY! ONLY 2 LEFT!,Scarcity
ONLY 2 LEFT,Scarcity
Only 1 left,Scarcity
Only 8 left in stock. Almost Gone!,Scarcity
"Hurry, only 1 left in stock!",Scarcity
Only 3 Left In Stock,Scarcity
Only 2 left,Scarcity
Only 1 left in stock,Scarcity
Only one left in stock - order soon!,Scarcity
Only 5 left in stock,Scarcity
This size has only 1 left in stock,Scarcity
Only 2 Left in Stock,Scarcity
"HURRY, LOW IN STOCK!",Scarcity
HURRY ONLY 1 ITEM LEFT!,Scarcity
Only 1.75 yards left in stock!,Scarcity
Availability: Only 4 Left!,Scarcity
Only 3 left,Scarcity
Only 1 left,Scarcity
Only 1 left,Scarcity
ONLY 1 LEFT IN STOCK!,Scarcity
Only 1 left,Scarcity
Only 1 Left!,Scarcity
Only 1 left in stock,Scarcity
Only 3 left in stock,Scarcity
Low in stock,Scarcity
Only 5 pcs left!,Scarcity
2 items left,Scarcity
Only 1 left,Scarcity
Only 1 left in stock,Scarcity
Only 4 Left!,Scarcity
"ONLY 5 LEFT, HURRY!",Scarcity
QUANTITY: *ONLY 1 LEFT,Scarcity
Only 4 left in stock,Scarcity
Only 3 available,Scarcity
"Only 3 left , In Stock",Scarcity
(Only 1 Left),Scarcity
Only 1 left in stock,Scarcity
1 item left,Scarcity
Only 1 left,Scarcity
1 Left,Scarcity
Only 3 left in stock!,Scarcity
Only 2 left!,Scarcity
only 2 left,Scarcity
4 SEATS LEFT,Scarcity
10 SEATS LEFT,Scarcity
Hurry! Only 1 left!,Scarcity
Only 5 left!,Scarcity
Only 3 left!,Scarcity
Only 3 left,Scarcity
Hurry! Only 2 left in stock,Scarcity
ONLY 1 LEFT,Scarcity
ONLY 9 LEFT,Scarcity
Only 3 Left,Scarcity
90% offers claimed. Hurry up!,Scarcity
Only 26 Left,Scarcity
Only 3 left,Scarcity
Only 2 left in stock,Scarcity
Only 3 Left! Get it before it`s gone!,Scarcity
Only 1 left!,Scarcity
Only 1 left in stock,Scarcity
ONLY 5 LEFT,Scarcity
ONLY 20 LEFT IN STOCK,Scarcity
94% offers claimed. Hurry up!,Scarcity
Only a few left!,Scarcity
"Hurry, only 2 left in stock",Scarcity
Only 1 left in stock!,Scarcity
ONLY 1 LEFT!,Scarcity
Clearance! Only 4 left in stock.,Scarcity
Only 5 left,Scarcity
ONLY 3 LEFT,Scarcity
"Available, only 2 left",Scarcity
In Stock. Only 1 Left!,Scarcity
Hurry! Only 6 left in stock!,Scarcity
In Stock Only 5 left!,Scarcity
Limited-time Deal,Scarcity
2 left,Scarcity
Only 4 unit(s) available!,Scarcity
"Hurry, only 5 left",Scarcity
LIMITED QUANTITY,Scarcity
Last 1 left,Scarcity
Low Stock Only 2 left,Scarcity
7 left in stock,Scarcity
ONLY 1 LEFT,Scarcity
Only 1 left!,Scarcity
HURRY! ONLY 1 IN STOCK!,Scarcity
Availability: 5 items left,Scarcity
Only 1 left,Scarcity
Only 1 left!,Scarcity
Only 8 left in stock,Scarcity
Hurry! Less than 10 left!,Scarcity
1 Left,Scarcity
Only 10 left in stock,Scarcity
3 Left,Scarcity
Only 3 left,Scarcity
Almost gone! Only 3 left In Stock,Scarcity
Almost gone! Only 3 left In Stock,Scarcity
In Stock only 3 left,Scarcity
Sellout risk:,Scarcity
Only 1 left,Scarcity
Only 5 left!,Scarcity
Only 22 left in stock!,Scarcity
Only: 9 in stock now,Scarcity
ONLY 1 WATCH LEFT,Scarcity
Only 3 left,Scarcity
Only 1 item(s) left in stock,Scarcity
Only 1 left in Stock!,Scarcity
Only 65 Items Left.,Scarcity
Only 5 left in stock,Scarcity
Only 5 left in stock,Scarcity
Only 4 left In Stock,Scarcity
Only 4 Left!,Scarcity
Only 2 left,Scarcity
Only 2 left,Scarcity
Only 2 left,Scarcity
Only 2 left,Scarcity
Only 1 left!,Scarcity
Only 1 left,Scarcity
3 Left!,Scarcity
Limited stock Only 2 left,Scarcity
Only 1 left,Scarcity
Only 4 left,Scarcity
Only a few left,Scarcity
Only 4 left,Scarcity
Only 1 left in stock,Scarcity
Only 2 left!,Scarcity
Only 2 Left!,Scarcity
There are only 1 item left in stock.,Scarcity
Only 2 left,Scarcity
(ONLY 1 LEFT IN THIS SIZE!),Scarcity
70% offers claimed. Hurry up!,Scarcity
Only 2 left in stock,Scarcity
(only 5 left),Scarcity
Only 1 item left in stock,Scarcity
"Order soon, only 1 left!",Scarcity
Only 1 left!,Scarcity
1 in Stock,Scarcity
Only 1 Left in Stock. Buy Soon!,Scarcity
Hurry Low Stock,Scarcity
Hurry! Only 1 left in size M!!,Scarcity
"Hurry, only 6 left in stock!",Scarcity
Only 3 left,Scarcity
BOTTLES LEFT 3,Scarcity
We only have few stocks left for this product. Please don't miss the chance.,Scarcity
Limited stock available,Scarcity
Only 3 left in stock,Scarcity
ONLY 2 LEFT IN STOCK!,Scarcity
Only 1 left,Scarcity
ALMOST GONE - only 2 remaining!,Scarcity
5 in stock,Scarcity
Only 1 left!,Scarcity
We only have 5 left!,Scarcity
Availability: In Stock Hurry! Only 8 Left!,Scarcity
Only 3 items left,Scarcity
Only 9 left!,Scarcity
67% offers claimed. Hurry up!,Scarcity
Only 1 Left!,Scarcity
Only 1 Left!,Scarcity
Hurry !! Only 52 left in stock,Scarcity
320 items left,Scarcity
ONLY A FEW LEFT!,Scarcity
LAST CHANCE TO ACTIVATE 10% OFF,Scarcity
Hurry up! Only 4 left in stock,Scarcity
Hurry! Only 7 left in stock.,Scarcity
HURRY! ONLY 31 LEFT IN STOCK.,Scarcity
ONLY 14 LEFT AT THIS PRICE,Scarcity
"128 sold today! Hurry, only a few left!",Scarcity
Hurry! Only 6 left in stock.,Scarcity
Hurry! Only 6 left in stock.,Scarcity
"894 Claimed! Hurry, only a few left!",Scarcity
Hurry! Only 9 left in stock.,Scarcity
"803 Claimed! Hurry, only a few left!",Scarcity
ONLY 11 LEFT,Scarcity
HURRY! ONLY 11 LEFT IN STOCK.,Scarcity
Hurry Up ! Just 2 Items Left in stock,Scarcity
Hurry! Only 4 left in stock.,Scarcity
ONLY 13 LEFT,Scarcity
HURRY! ONLY 14 LEFT IN STOCK.,Scarcity
HURRY! ONLY 58 LEFT IN STOCK!,Scarcity
"No USB or Y-Adapter!? Our USB Sound Card is highly recommended for PC (Mac/Linux/Windows) and works with current gen consoles. The Y adapter is recommended for console gaming, phone, or other TRRS jacks.",Misdirection
How about one of these hot sellers?,Misdirection
LIMITED TIME OFFER : Grab a Matching Pair & save up 60%!,Misdirection
FOR THE ULTIMATE EXPERIENCE: (Can select more than one),Misdirection
,Misdirection
"PROTECT YOUR SOFA! Your Humblebum Sofa in Thatch house fabric will look wicked! Why not add Castelan Fabric Protection to cover your new squish machine against wine spillages, messy TV dinners, and other disasters for just just Â£80?",Misdirection
Customer also shopped for,Misdirection
*** Get 50% Off Your 2nd Case OR a Canopy Screen Protector *** A 50% OFF discount will be automatically applied to the lowest priced item in your cart when you check out with more than one item! (excludes Clearance items) Click to Choose Another Item,Misdirection
How about these?,Misdirection
Don't forget the essentials Get up to 2 years of accidental damage coverage with AppleCare+.,Misdirection
Yes! Upgrade my purchase,Misdirection
ADD WORLD'S MOST COMFORTABLE CHAIRS,Misdirection
DON'T MISS ON THESE AWESOME ITEMS / DON'T MISS ON OUR TABLE DECORATION SYSTEM,Misdirection
People also buy this with,Misdirection
Add to Your Gift and We'll Ship it For Free!,Misdirection
"No thanks, I just want the item",Misdirection
Personalize your doll,Misdirection
"Nice choice. Did you know youâ€™re missing out on these deals with the item in your cart. Suit + Shirt + Tie now $599.99* - Shop Suits, Shirts and Ties Or Get 2 Suit Packages for $1100*",Misdirection
Add and save!,Misdirection
"Before you check out, can we tempt you?",Misdirection
Necessary Protection..,Misdirection
,Misdirection
Would you like to buy more and save more?,Misdirection
FANSTASTIC DEALS,Misdirection
Add on something to make it extra special!,Misdirection
,Misdirection
ADD FOR BETTER RESULTS,Misdirection
"""Your purchase entitles you to the following special""",Misdirection
,Misdirection
Limited-time Offer: Bundle a base and get 20% off,Misdirection
Lenscap: Damage Only,Misdirection
Professional Color Tool Kit / Addons,Misdirection
Want a special deal? Bundle and SAVE UPTO30%,Misdirection
Protect Your Gear,Misdirection
Grab yourself a bargain!,Misdirection
Other Items On Special Offer:,Misdirection
Want to add one of these?,Misdirection
NO THANKS,Misdirection
GlassGuard Warranty Do not fear breaking your glass! Add our GlassGuard warranty policy for just $3.85 and we'll insure this purchase.,Misdirection
Customers also bought,Misdirection
OUR BEST SELLING GOGGLE,Misdirection
Let's make sure you have everything else you need,Misdirection
Would you like to purchase an Extended Protection Plan?,Misdirection
Score! You've Qualified for a Checkout Bonus,Misdirection
Subscribe & Save (15%): $ 16.99,Misdirection
,Misdirection
With 1-year Care Subscription 10 days history,Misdirection
,Misdirection
,Misdirection
,Misdirection
Subscribe & Save,Misdirection
,Misdirection
,Misdirection
,Misdirection
,Misdirection
,Misdirection
,Misdirection
"You choose: just one box, or a  Madison Reed Membership?",Misdirection
,Misdirection
,Misdirection
,Misdirection
,Misdirection
,Misdirection
,Misdirection
,Misdirection
,Misdirection
Did you know that Shaver heads need replacing every 12 - 18 months? Get the Shaver Guard cleaning spray to extend its life for up to another 6 months!,Misdirection
Shipping Insurance Remove Insurance,Sneaking
,Sneaking
,Sneaking
,Sneaking
,Sneaking
SUPPORT THE AMERICAN SUPRESSOR ASSOCIATION,Sneaking
Purchase protection added,Sneaking
What people are saying about us...,Social Proof
,Social Proof
,Social Proof
,Social Proof
,Social Proof
,Social Proof
,Social Proof
,Social Proof
,Social Proof
,Social Proof
,Social Proof
,Social Proof
"We'd like to send you weekly emails packed full of our lovely products, clearance goodies and cool stuff to win. You can unsubscribe at any time. If you DON'T want to receive these emails, please tick this box. We'd like to send you the occasional brochure so you can get a regular fix of our lovely product! You can unsubscribe at any time. If you DON'T want to receive these brochures, please tick this box. We'd like to introduce you to other brands you might love who will post you the occasional brochure. You can opt out of this at any time. If you DON'T want to receive these brochures, please tick this box.",Misdirection
Uncheck the box if you prefer not to receive email updates.,Misdirection
LOGIN/REGISTER,Misdirection
Want Free Shipping?,Misdirection
"We'd like to keep you informed via email about product updates, upgrades, special offers and pricing. If you do not wish to be contacted via email, please ensure that the box is not checked.",Misdirection
Tick here if you do not want to receive Promotional Offers by Post Tick here if you do wish to receive Promotional Offers by email and/or SMS Tick here if you would like to receive Offers from selected third parties,Misdirection
"""We'd love to send you emails with offers and new products from New Balance Athletics, Inc. but if you do not wish to receive these updates, please tick this box.",Misdirection
I already have this item. Do not add this to cart,Misdirection
"If you click continue below we will be happy to tell you about discounts, money off and new products from Very by e-mail and text,
unless you tell us you DO NOT want to hear about them, by ticking here.
If you would like to receive offers from carefully selected 3rd parties, please tick here",Misdirection
,Misdirection
,Misdirection
Congratulations! You qualify to receive Rechargeable 10-Function Bullet Vibe for FREE!,Misdirection
I wish to Start Shopping but I don't want to receive daily email alerts about your amazing discounts on luxury brands.,Misdirection
Compare at,Misdirection
Spin to unlock your mystery offer,Misdirection
,Misdirection
Order without free membership $69.95,Misdirection
,Misdirection
"THE COMPETITION $1,299.99",Misdirection
No I'd rather not hear about exclusive offers and discounts.,Misdirection
Compare at,Misdirection
,Misdirection
,Misdirection
,Misdirection
,Misdirection
Competitor Price: $172.00,Misdirection
TWO FREE PILLOWS AND 30% OFF WITH PROMO CODE,Misdirection
,Misdirection
Compare at,Misdirection
$132.90 $99.00,Misdirection
This offer is only VALID if you add to cart now!,Misdirection
,Misdirection
,Misdirection
Save $148.98AUD â€“ 49% Off,Misdirection
